id,protein_id,annotation,locus_tag,gene,start,end,strand,accession,Exp.,DeepSecE,DeepSecE(0.6)
1,WP_000093519.1,DUF3346 domain-containing protein,VC_RS13430,,1134,3110,+,NC_002506.1,0,0,0
2,WP_001916918.1,hypothetical protein,VC_RS13435,,3330,3791,-,NC_002506.1,0,0,0
3,WP_000026548.1,hypothetical protein,VC_RS13440,,4154,4351,+,NC_002506.1,0,0,0
4,WP_000009502.1,DUF3283 family protein,VC_RS13445,,4514,4723,+,NC_002506.1,0,0,0
5,WP_000533705.1,YebC/PmpR family DNA-binding transcriptional regulator,VC_RS13450,,4811,5530,+,NC_002506.1,0,0,0
6,WP_001266186.1,NAD(P)-dependent oxidoreductase,VC_RS13455,,5645,6520,+,NC_002506.1,0,0,0
7,WP_000059787.1,methyl-accepting chemotaxis protein,VC_RS13460,,6624,8285,-,NC_002506.1,0,0,0
8,WP_001050216.1,YibL family ribosome-associated protein,VC_RS13465,,8563,8919,+,NC_002506.1,0,0,0
9,WP_000264940.1,HTH-type transcriptional regulator MalT,VC_RS13470,malT,8986,11694,-,NC_002506.1,0,0,0
10,WP_000805372.1,glycogen/starch/alpha-glucan phosphorylase,VC_RS13475,,12271,14724,+,NC_002506.1,0,0,0
11,WP_001070791.1,4-alpha-glucanotransferase,VC_RS13480,malQ,14810,16990,+,NC_002506.1,0,0,0
13,WP_001142947.1,type VI secretion system effector Hcp-2,VC_RS13490,hcp-2,19781,20299,+,NC_002506.1,1,1,1
14,WP_000212125.1,type VI secretion system tip protein VgrG,VC_RS13495,,20427,22511,+,NC_002506.1,1,1,1
15,WP_001257973.1,DUF4123 domain-containing protein,VC_RS13500,,22511,23398,+,NC_002506.1,0,0,0
16,WP_000070352.1,hypothetical protein,VC_RS13505,,23395,26652,+,NC_002506.1,1,1,1
17,WP_000904079.1,hypothetical protein,VC_RS13510,,26653,27381,+,NC_002506.1,0,0,0
18,WP_000258882.1,MAPEG family protein,VC_RS13515,,27484,27885,+,NC_002506.1,0,0,0
19,WP_000064955.1,acyltransferase,VC_RS13520,,28058,29083,-,NC_002506.1,0,0,0
20,WP_000129630.1,AEC family transporter,VC_RS13525,,29214,30170,-,NC_002506.1,0,0,0
21,WP_001081268.1,DASS family sodium-coupled anion symporter,VC_RS13530,,30484,31872,+,NC_002506.1,0,0,0
22,WP_000803889.1,DUF2057 domain-containing protein,VC_RS13535,,31968,32603,-,NC_002506.1,0,0,0
23,WP_001882904.1,glycosyl hydrolase family 18 protein,VC_RS13540,,33035,35584,+,NC_002506.1,0,0,0
24,WP_001006058.1,IclR family transcriptional regulator,VC_RS13545,,35950,36684,+,NC_002506.1,0,0,0
25,WP_000949642.1,arginase family protein,VC_RS13550,,36691,37527,+,NC_002506.1,0,0,0
26,WP_000777301.1,methyl-accepting chemotaxis protein,VC_RS13555,,37648,39213,-,NC_002506.1,0,0,0
27,WP_000549603.1,hypothetical protein,VC_RS13560,,39311,39871,-,NC_002506.1,0,0,0
28,WP_000265858.1,PhoX family phosphatase,VC_RS13565,,40280,42154,+,NC_002506.1,0,0,0
29,WP_000240501.1,HDOD domain-containing protein,VC_RS13570,,42214,43044,-,NC_002506.1,0,0,0
30,WP_000647541.1,phosphatase PAP2 family protein,VC_RS13575,,43274,44026,+,NC_002506.1,0,0,0
31,WP_001180737.1,serine/threonine transporter SstT,VC_RS13580,sstT,44080,45297,-,NC_002506.1,0,0,0
32,WP_000774104.1,copper chaperone PCu(A)C,VC_RS13585,,45638,46090,-,NC_002506.1,0,0,0
33,WP_000042319.1,SCO family protein,VC_RS13590,,46104,46685,-,NC_002506.1,0,0,0
34,WP_000992654.1,hypothetical protein,VC_RS13595,,46682,47101,-,NC_002506.1,0,0,0
35,WP_001108560.1,DUF368 domain-containing protein,VC_RS13600,,47303,48214,-,NC_002506.1,0,0,0
36,WP_001071807.1,sodium/glutamate symporter,VC_RS13605,gltS,48768,49994,+,NC_002506.1,0,0,0
37,WP_001088585.1,flagellar brake protein,VC_RS13610,,50073,50831,-,NC_002506.1,0,0,0
38,WP_000024343.1,GNAT family N-acetyltransferase,VC_RS13615,,50963,51247,+,NC_002506.1,0,0,0
40,WP_000364999.1,HlyD family secretion protein,VC_RS13625,,54930,56060,-,NC_002506.1,0,0,0
41,WP_000478180.1,DUF3302 domain-containing protein,VC_RS13630,,56060,56449,-,NC_002506.1,0,0,0
43,WP_000361589.1,hypothetical protein,VC_RS13640,,58144,59631,-,NC_002506.1,0,0,0
44,WP_001132384.1,hypothetical protein,VC_RS13645,,59786,61255,-,NC_002506.1,0,0,0
45,WP_000224891.1,purine-nucleoside phosphorylase,VC_RS13650,deoD,61320,62030,-,NC_002506.1,0,0,0
46,WP_001195137.1,DUF523 and DUF1722 domain-containing protein,VC_RS13655,,62352,63305,+,NC_002506.1,0,0,0
47,WP_000226962.1,MerR family transcriptional regulator,VC_RS13660,,63295,64092,+,NC_002506.1,0,0,0
48,WP_001241766.1,deoxyribodipyrimidine photo-lyase,VC_RS13665,phrB,64102,65511,+,NC_002506.1,0,0,0
49,WP_000270236.1,"L,D-transpeptidase family protein",VC_RS13670,,65520,66440,+,NC_002506.1,0,0,0
50,WP_001038496.1,Lpp/OprI family alanine-zipper lipoprotein,VC_RS13675,,66526,66774,-,NC_002506.1,0,0,0
51,WP_001159703.1,DEAD/DEAH box helicase,VC_RS13680,,67316,68662,+,NC_002506.1,0,0,0
52,WP_000771558.1,S9 family peptidase,VC_RS13685,,68875,70872,+,NC_002506.1,0,0,0
53,WP_000777824.1,TonB-dependent hemoglobin/transferrin/lactoferrin family receptor,VC_RS13690,,70872,73013,+,NC_002506.1,0,0,0
54,WP_000843249.1,proprotein convertase P-domain-containing protein,VC_RS13695,,73023,75329,+,NC_002506.1,0,0,0
55,WP_000873771.1,DUF1566 domain-containing protein,VC_RS13700,,75326,76768,+,NC_002506.1,0,0,0
56,WP_000855100.1,DUF1566 domain-containing protein,VC_RS13705,,76765,77325,+,NC_002506.1,0,0,0
57,WP_001249514.1,methyl-accepting chemotaxis protein,VC_RS13710,,77459,79102,-,NC_002506.1,0,0,0
58,WP_000754393.1,phosphate ABC transporter substrate-binding protein,VC_RS13715,,79473,80294,+,NC_002506.1,0,0,0
59,WP_000150748.1,phosphate ABC transporter permease subunit PstC,VC_RS13720,pstC,80372,81292,+,NC_002506.1,0,0,0
60,WP_001902608.1,phosphate ABC transporter permease PstA,VC_RS13725,pstA,81298,82161,+,NC_002506.1,0,0,0
61,WP_000858875.1,phosphate ABC transporter ATP-binding protein PstB,VC_RS13730,pstB,82190,82945,+,NC_002506.1,0,0,0
62,WP_001097201.1,GGDEF domain-containing protein,VC_RS13735,,82992,84092,-,NC_002506.1,0,0,0
63,WP_001882941.1,molybdopterin-dependent oxidoreductase,VC_RS13740,,84089,84556,-,NC_002506.1,0,0,0
64,WP_001153658.1,YjiH family protein,VC_RS13745,,84847,86223,-,NC_002506.1,0,0,0
65,WP_000457419.1,SulP family inorganic anion transporter,VC_RS13750,,86658,88319,-,NC_002506.1,0,0,0
66,WP_000608713.1,isoamylase early set domain-containing protein,VC_RS13755,,88657,88956,+,NC_002506.1,0,0,0
67,WP_001227341.1,peptidoglycan DD-metalloendopeptidase ShyA,VC_RS13760,shyA,89190,90440,+,NC_002506.1,0,0,0
68,WP_000169386.1,GGDEF domain-containing protein,VC_RS13765,,90558,92381,-,NC_002506.1,0,0,0
69,WP_000383981.1,LysR family transcriptional regulator,VC_RS13770,,92604,93491,-,NC_002506.1,0,0,0
70,WP_000993857.1,multidrug effflux MFS transporter,VC_RS13775,,93581,94792,+,NC_002506.1,0,0,0
71,WP_000426186.1,redox-sensitive transcriptional activator SoxR,VC_RS13780,soxR,94834,95280,-,NC_002506.1,0,0,0
72,WP_000414469.1,MFS transporter,VC_RS13785,,95459,96661,+,NC_002506.1,0,0,0
73,WP_001187740.1,hypothetical protein,VC_RS13790,,96792,97142,+,NC_002506.1,0,0,0
75,WP_000060640.1,DMT family transporter,VC_RS13800,,99076,99969,-,NC_002506.1,0,0,0
76,WP_000113593.1,DUF134 domain-containing protein,VC_RS13805,,100199,100495,+,NC_002506.1,0,0,0
77,WP_000706545.1,triacylglycerol lipase,VC_RS13810,,100666,101295,-,NC_002506.1,0,0,0
78,WP_161419005.1,helix-turn-helix transcriptional regulator,VC_RS13815,,101829,102152,+,NC_002506.1,0,0,0
79,WP_001997721.1,hypothetical protein,VC_RS13820,,102430,103119,+,NC_002506.1,0,0,0
80,WP_000710203.1,proprotein convertase P-domain-containing protein,VC_RS13825,,103162,104385,+,NC_002506.1,0,0,0
81,WP_000637371.1,NUDIX hydrolase,VC_RS13830,,104398,105114,-,NC_002506.1,0,0,0
82,WP_001069589.1,nicotinate phosphoribosyltransferase,VC_RS13835,pncB,105513,106820,+,NC_002506.1,0,0,0
83,WP_001134026.1,oxidoreductase,VC_RS13840,,106851,107891,+,NC_002506.1,0,0,0
84,WP_001249602.1,rhodanese-like domain-containing protein,VC_RS13845,,107928,108284,-,NC_002506.1,0,0,0
85,WP_001882958.1,EAL domain-containing protein,VC_RS13850,,108299,109855,-,NC_002506.1,0,0,0
86,WP_001010777.1,HAD family phosphatase,VC_RS13855,,110031,110681,-,NC_002506.1,0,0,0
87,WP_001006513.1,SulP family inorganic anion transporter,VC_RS13860,,110871,112649,+,NC_002506.1,0,0,0
88,WP_001275247.1,RluA family pseudouridine synthase,VC_RS13865,,112691,114370,-,NC_002506.1,0,0,0
89,WP_000526403.1,type VI secretion system PAAR protein,VC_RS13870,,115142,115426,+,NC_002506.1,0,1,1
90,WP_001901866.1,sel1 repeat family protein,VC_RS13875,,115494,116414,+,NC_002506.1,0,0,0
91,WP_000031391.1,type VI secretion system contractile sheath small subunit,VC_RS13880,tssB,116846,117352,+,NC_002506.1,0,0,0
92,WP_000108140.1,type VI secretion system contractile sheath large subunit,VC_RS13885,tssC,117396,118871,+,NC_002506.1,0,0,0
93,WP_000221000.1,type VI secretion system baseplate subunit TssE,VC_RS13890,tssE,118874,119311,+,NC_002506.1,0,0,0
94,WP_000189792.1,type VI secretion system baseplate subunit TssF,VC_RS13895,tssF,119317,121086,+,NC_002506.1,0,0,0
95,WP_000510181.1,type VI secretion system baseplate subunit TssG,VC_RS13900,tssG,121050,122066,+,NC_002506.1,0,0,0
96,WP_001089704.1,type VI secretion system-associated FHA domain protein TagH,VC_RS13905,tagH,122069,123556,+,NC_002506.1,0,0,0
97,WP_001045311.1,type VI secretion system lipoprotein TssJ,VC_RS13910,tssJ,123559,124035,+,NC_002506.1,0,0,0
98,WP_000458007.1,type VI secretion system baseplate subunit TssK,VC_RS13915,tssK,124042,125376,+,NC_002506.1,0,0,0
99,WP_000083409.1,type IVB secretion system protein IcmH/DotU,VC_RS13920,icmH,125379,126152,+,NC_002506.1,0,0,0
100,WP_000619136.1,type VI secretion system ATPase TssH,VC_RS13925,tssH,126178,128787,+,NC_002506.1,0,0,0
101,WP_000084793.1,sigma-54 dependent T6SS transcriptional regulator VasH,VC_RS13930,vasH,128790,130382,+,NC_002506.1,0,0,0
102,WP_001223388.1,type VI secretion system-associated protein TagO,VC_RS13935,tagO,130379,131035,+,NC_002506.1,1,0,0
103,WP_000426093.1,TssA family type VI secretion system protein VasJ,VC_RS13940,vasJ,131045,132454,+,NC_002506.1,0,0,0
104,WP_000225015.1,type VI secretion system membrane subunit TssM,VC_RS13945,tssM,132515,136015,+,NC_002506.1,0,0,0
105,WP_000073077.1,ImpA family type VI secretion system protein,VC_RS13950,,136066,137328,+,NC_002506.1,0,0,0
106,WP_000113295.1,type VI secretion system tip protein VgrG,VC_RS13955,vgrG,137581,140634,+,NC_002506.1,1,1,1
107,WP_001061295.1,hypothetical protein,VC_RS13960,,140631,140999,+,NC_002506.1,0,0,0
108,WP_000799238.1,DUF3012 domain-containing protein,VC_RS13965,,141147,141407,-,NC_002506.1,0,0,0
109,WP_001911632.1,D-ribose pyranase,VC_RS13970,rbsD,141691,142110,+,NC_002506.1,0,0,0
110,WP_000189455.1,ribose ABC transporter ATP-binding protein RbsA,VC_RS13975,rbsA,142137,143639,+,NC_002506.1,0,0,0
111,WP_208854928.1,ribose ABC transporter permease,VC_RS13980,rbsC,143669,144634,+,NC_002506.1,0,0,0
112,WP_000737186.1,ribose ABC transporter substrate-binding protein RbsB,VC_RS13985,rbsB,144699,145577,+,NC_002506.1,0,0,0
113,WP_001038380.1,ribokinase,VC_RS13990,rbsK,145716,146636,+,NC_002506.1,0,0,0
114,WP_000224436.1,substrate-binding domain-containing protein,VC_RS13995,,146647,147651,+,NC_002506.1,0,0,0
115,WP_000365205.1,nicotinamide riboside transporter PnuC,VC_RS14000,pnuC,147777,148343,+,NC_002506.1,0,0,0
116,WP_000271123.1,hypothetical protein,VC_RS14005,,148389,148511,+,NC_002506.1,0,0,0
117,WP_000027380.1,nucleoside phosphorylase,VC_RS14010,,148508,149239,+,NC_002506.1,0,0,0
118,WP_001177523.1,Crp/Fnr family transcriptional regulator,VC_RS14015,,149379,150059,+,NC_002506.1,0,0,0
119,WP_000917235.1,glycerophosphodiester phosphodiesterase,VC_RS14020,glpQ,150112,151179,-,NC_002506.1,0,0,0
120,WP_000462370.1,glycerol-3-phosphate transporter,VC_RS14025,glpT,151333,152691,-,NC_002506.1,0,0,0
121,WP_000720501.1,DUF3316 domain-containing protein,VC_RS14030,,153117,153464,-,NC_002506.1,0,0,0
122,WP_000873599.1,lytic polysaccharide monooxygenase,VC_RS14035,,153911,155080,+,NC_002506.1,0,0,0
123,WP_000773430.1,ATP-binding protein,VC_RS14040,,155195,157249,-,NC_002506.1,0,0,0
124,WP_000445762.1,sigma-54 dependent transcriptional regulator,VC_RS14045,,157539,158891,+,NC_002506.1,0,0,0
125,WP_000810879.1,TAXI family TRAP transporter solute-binding subunit,VC_RS14050,,159193,160200,+,NC_002506.1,0,0,0
126,WP_000072018.1,TRAP transporter permease,VC_RS14055,,160374,162515,+,NC_002506.1,0,0,0
127,WP_000220549.1,L-2-hydroxyglutarate oxidase,VC_RS14060,lhgO,162512,163723,+,NC_002506.1,0,0,0
128,WP_001035991.1,M66 family metalloprotease,VC_RS14065,,164096,167839,+,NC_002506.1,0,0,0
129,WP_000279461.1,peptide deformylase,VC_RS14070,def,167987,168493,+,NC_002506.1,0,0,0
130,WP_000092015.1,ferric reductase-like transmembrane domain-containing protein,VC_RS14075,,168643,169974,+,NC_002506.1,0,0,0
131,WP_000062160.1,monovalent cation/H(+) antiporter subunit G,VC_RS14080,mnhG,170049,170372,-,NC_002506.1,0,0,0
132,WP_000370509.1,cation:proton antiporter,VC_RS14085,,170372,170650,-,NC_002506.1,0,0,0
133,WP_000639705.1,Na+/H+ antiporter subunit E,VC_RS14090,,170643,171119,-,NC_002506.1,0,0,0
134,WP_000125097.1,NADH dehydrogenase,VC_RS14095,,171116,172612,-,NC_002506.1,0,0,0
135,WP_000398830.1,Na+/H+ antiporter subunit C,VC_RS14100,,172609,172962,-,NC_002506.1,0,0,0
136,WP_000500258.1,DUF4040 domain-containing protein,VC_RS14105,,172962,175538,-,NC_002506.1,0,0,0
137,WP_000712919.1,hypothetical protein,VC_RS14110,,175784,175981,-,NC_002506.1,0,0,0
138,WP_000713800.1,universal stress protein,VC_RS14115,,176056,176997,-,NC_002506.1,0,0,0
139,WP_000043405.1,aromatic amino acid transporter,VC_RS14120,,177193,178407,-,NC_002506.1,0,0,0
140,WP_000427054.1,tryptophanase,VC_RS14125,tnaA,178507,179925,-,NC_002506.1,0,0,0
141,WP_071908331.1,tryptophanase leader peptide,VC_RS14130,tnaC,180397,180468,-,NC_002506.1,0,0,0
142,WP_000462097.1,DUF3820 family protein,VC_RS14135,,180706,180918,+,NC_002506.1,0,0,0
143,WP_001236185.1,"L,D-transpeptidase family protein",VC_RS14140,,180988,181470,-,NC_002506.1,0,0,0
144,WP_001911621.1,GGDEF domain-containing protein,VC_RS14145,,182014,184011,+,NC_002506.1,0,0,0
145,WP_000078819.1,cold-shock protein,VC_RS14150,,184257,184469,+,NC_002506.1,0,1,0
146,WP_000181878.1,SIMPL domain-containing protein,VC_RS14155,,184758,185474,-,NC_002506.1,0,0,0
148,WP_000096405.1,VWA domain-containing protein,VC_RS14165,,187284,189224,-,NC_002506.1,0,0,0
149,WP_000135747.1,VWA domain-containing protein,VC_RS14170,,189226,190182,-,NC_002506.1,0,0,0
150,WP_000665196.1,DUF4381 domain-containing protein,VC_RS14175,,190169,190657,-,NC_002506.1,0,0,0
151,WP_000178614.1,DUF58 domain-containing protein,VC_RS14180,,190654,191589,-,NC_002506.1,0,0,0
152,WP_000009939.1,MoxR family ATPase,VC_RS14185,,191593,192549,-,NC_002506.1,0,0,0
153,WP_000475387.1,methyl-accepting chemotaxis protein,VC_RS14190,,192852,194768,+,NC_002506.1,0,0,0
154,WP_000997601.1,chromosome segregation ATPase,VC_RS14195,,194828,195028,+,NC_002506.1,0,0,0
155,WP_000549393.1,DsbA family protein,VC_RS14200,,195304,195957,-,NC_002506.1,0,0,0
156,WP_000986003.1,NupC/NupG family nucleoside CNT transporter,VC_RS14205,,196603,197811,+,NC_002506.1,0,0,0
157,WP_000793856.1,peptidase T,VC_RS14210,pepT,198062,199294,+,NC_002506.1,0,0,0
158,WP_000400692.1,mechanosensitive ion channel family protein,VC_RS14215,,199466,200341,+,NC_002506.1,0,0,0
159,WP_001155015.1,nitric oxide reductase transcriptional regulator NorR,VC_RS14220,norR,200338,201930,-,NC_002506.1,0,0,0
160,WP_000957478.1,NO-inducible flavohemoprotein,VC_RS14225,hmpA,202121,203305,+,NC_002506.1,0,0,0
161,WP_000106983.1,cold-shock protein,VC_RS14230,,203449,203658,-,NC_002506.1,0,0,0
162,WP_000792012.1,alternative ribosome-rescue factor A,VC_RS14235,,204017,204244,+,NC_002506.1,0,0,0
163,WP_000765283.1,hypothetical protein,VC_RS14240,,204632,205009,+,NC_002506.1,0,0,0
164,WP_000407067.1,hypothetical protein,VC_RS14245,,205283,205522,+,NC_002506.1,0,0,0
165,WP_000009679.1,response regulator,VC_RS14250,,205609,206613,+,NC_002506.1,0,0,0
166,WP_000880547.1,PAS domain-containing protein,VC_RS14255,,206613,207059,+,NC_002506.1,0,0,0
167,WP_001130886.1,bifunctional ADP-dependent NAD(P)H-hydrate dehydratase/NAD(P)H-hydrate epimerase,VC_RS14260,,207109,208581,+,NC_002506.1,0,0,0
168,WP_000935709.1,2-hydroxyacid dehydrogenase,VC_RS14265,,208570,209565,-,NC_002506.1,0,0,0
169,WP_001903321.1,Na+/H+ antiporter NhaC family protein,VC_RS14270,,209808,211091,+,NC_002506.1,0,0,0
170,WP_000779169.1,potassium channel family protein,VC_RS14275,,211093,211935,-,NC_002506.1,0,0,0
171,WP_000251270.1,outer membrane beta-barrel protein,VC_RS14280,,212001,212549,-,NC_002506.1,0,0,0
172,WP_001217709.1,GMP reductase,VC_RS14285,,213207,214250,+,NC_002506.1,0,0,0
173,WP_001883155.1,DNA cytosine methyltransferase,VC_RS14290,,214574,215725,+,NC_002506.1,0,0,0
174,WP_000762954.1,DUF262 domain-containing protein,VC_RS14295,,215849,217765,+,NC_002506.1,0,0,0
175,WP_000606740.1,DUF3696 domain-containing protein,VC_RS14300,,217758,218882,+,NC_002506.1,0,0,0
176,WP_000849740.1,hypothetical protein,VC_RS14305,,218879,219757,+,NC_002506.1,0,1,1
177,WP_000503164.1,IS200/IS605-like element IS1004 family transposase,VC_RS14310,tnpA,219825,220262,-,NC_002506.1,0,0,0
178,WP_079993097.1,HNH endonuclease,VC_RS14320,,220394,220618,-,NC_002506.1,0,0,0
179,WP_000507087.1,DEAD/DEAH box helicase,VC_RS14325,,220767,222122,-,NC_002506.1,0,0,0
180,WP_000967516.1,anaerobic C4-dicarboxylate transporter,VC_RS14330,,222312,223640,-,NC_002506.1,0,0,0
181,WP_000400328.1,ammonia-dependent NAD(+) synthetase,VC_RS14335,nadE,223891,224721,-,NC_002506.1,0,0,0
182,WP_000717524.1,nicotinate-nicotinamide nucleotide adenylyltransferase,VC_RS14340,,224824,225351,+,NC_002506.1,0,0,0
183,WP_000362857.1,DUF3369 domain-containing protein,VC_RS14345,,225618,227159,+,NC_002506.1,0,0,0
184,WP_000796029.1,ATP-binding protein,VC_RS14350,,227217,229163,-,NC_002506.1,0,0,0
185,WP_001267880.1,hypothetical protein,VC_RS14355,,229413,230387,+,NC_002506.1,0,0,0
186,WP_001046719.1,Na+/H+ antiporter NhaC family protein,VC_RS14360,,230465,232045,-,NC_002506.1,0,0,0
187,WP_001276502.1,multidrug efflux MFS transporter EmrD,VC_RS14365,emrD,232449,233654,-,NC_002506.1,0,0,0
188,WP_000949610.1,hypothetical protein,VC_RS14370,,233907,234173,+,NC_002506.1,0,0,0
189,WP_000178906.1,GGDEF domain-containing protein,VC_RS14375,,234164,235243,-,NC_002506.1,0,0,0
190,WP_000746867.1,SGNH/GDSL hydrolase family protein,VC_RS14380,,235364,236620,-,NC_002506.1,0,0,0
191,WP_001125271.1,cytolysin VCC,VC_RS14385,hlyA,237590,239815,+,NC_002506.1,0,0,0
192,WP_000586206.1,methyl-accepting chemotaxis protein,VC_RS14390,,240114,241760,+,NC_002506.1,0,0,0
193,WP_001033424.1,triacylglycerol lipase,VC_RS14395,,242108,243046,+,NC_002506.1,0,0,0
194,WP_000717572.1,lipase secretion chaperone,VC_RS14400,,243056,243910,+,NC_002506.1,0,0,0
195,WP_000848953.1,M6 family metalloprotease PrtV,VC_RS14405,prtV,243986,246742,-,NC_002506.1,0,0,0
196,WP_001259471.1,hypothetical protein,VC_RS14410,,246827,247099,-,NC_002506.1,0,0,0
197,WP_000336883.1,class II glutamine amidotransferase,VC_RS14415,,247692,248450,+,NC_002506.1,0,0,0
198,WP_000842240.1,iron chelate ABC transporter substrate-binding protein VctP,VC_RS14420,vctP,248856,249767,+,NC_002506.1,0,0,0
199,WP_000735136.1,iron chelate uptake ABC transporter permease subunit VctD,VC_RS14425,vctD,249820,250758,+,NC_002506.1,0,0,0
200,WP_001154099.1,iron chelate uptake ABC transporter permease subunit VctG,VC_RS14430,vctG,250748,251698,+,NC_002506.1,0,0,0
201,WP_000615308.1,iron chelate ABC transporter ATP-binding protein VctC,VC_RS14435,vctC,251701,252465,+,NC_002506.1,0,0,0
202,WP_001181423.1,AraC family transcriptional regulator,VC_RS14440,,252511,253527,-,NC_002506.1,0,0,0
204,WP_000098209.1,DUF2218 domain-containing protein,VC_RS14450,,255650,255970,+,NC_002506.1,0,0,0
205,WP_000072096.1,acetate/propionate family kinase,VC_RS14455,,256240,257433,+,NC_002506.1,0,0,0
206,WP_001161774.1,hypothetical protein,VC_RS14460,,257514,257810,+,NC_002506.1,0,1,1
207,WP_001189466.1,phosphoribosyl-AMP cyclohydrolase,VC_RS14465,,257928,258497,-,NC_002506.1,0,0,0
208,WP_000490349.1,HAMP domain-containing histidine kinase,VC_RS14470,,258781,260391,+,NC_002506.1,0,0,0
209,WP_001221472.1,response regulator transcription factor,VC_RS14475,,260372,261046,+,NC_002506.1,0,0,0
210,WP_000770688.1,hypothetical protein,VC_RS14480,,261049,261480,-,NC_002506.1,0,0,0
211,WP_000284299.1,L-ribulose-5-phosphate 3-epimerase,VC_RS14485,,261638,262522,-,NC_002506.1,0,0,0
212,WP_000165663.1,3-keto-L-gulonate-6-phosphate decarboxylase UlaD,VC_RS14490,,262534,263181,-,NC_002506.1,0,0,0
213,WP_000278836.1,Cof-type HAD-IIB family hydrolase,VC_RS14495,,263187,264008,-,NC_002506.1,0,0,0
214,WP_000286765.1,L-ribulose-5-phosphate 4-epimerase,VC_RS14500,,264014,264706,-,NC_002506.1,0,0,0
215,WP_000523578.1,PTS sugar transporter subunit IIA,VC_RS14505,,264715,265221,-,NC_002506.1,0,0,0
216,WP_000395341.1,PTS ascorbate-specific subunit IIBC,VC_RS14510,,265319,267079,-,NC_002506.1,0,0,0
217,WP_001006793.1,HTH-type transcriptional regulator UlaR,VC_RS14515,ulaR,267445,268200,+,NC_002506.1,0,0,0
218,WP_000049013.1,L-ascorbate 6-phosphate lactonase,VC_RS14520,ulaG,268327,269394,+,NC_002506.1,0,0,0
219,WP_001066380.1,cytochrome b,VC_RS14525,,269494,270027,-,NC_002506.1,0,0,0
220,WP_000842853.1,alpha-amylase family protein,VC_RS14530,,270200,271600,-,NC_002506.1,0,0,0
221,WP_000078529.1,CatB-related O-acetyltransferase,VC_RS14535,,271981,272631,+,NC_002506.1,0,0,0
222,WP_001134582.1,hypothetical protein,VC_RS14540,,272750,273016,-,NC_002506.1,0,0,0
224,WP_000562692.1,DUF2861 family protein,VC_RS14550,,275510,276340,-,NC_002506.1,0,0,0
225,WP_000821694.1,response regulator transcription factor,VC_RS14555,,276337,276987,-,NC_002506.1,0,0,0
226,WP_000173586.1,sensor histidine kinase,VC_RS14560,,276984,278438,-,NC_002506.1,0,0,0
227,WP_000373826.1,cupin domain-containing protein,VC_RS14565,,278541,279053,-,NC_002506.1,0,0,0
229,WP_001883106.1,hypothetical protein,VC_RS14575,,279866,280276,-,NC_002506.1,0,0,0
230,WP_001011716.1,N-acetyltransferase,VC_RS14580,,280382,280924,-,NC_002506.1,0,0,0
231,WP_000280874.1,MerR family transcriptional regulator,VC_RS14585,,280935,282113,-,NC_002506.1,0,0,0
232,WP_000181106.1,hypothetical protein,VC_RS14590,,282297,282677,+,NC_002506.1,0,0,0
233,WP_000974583.1,helix-turn-helix transcriptional regulator,VC_RS14595,,282737,283510,-,NC_002506.1,0,0,0
234,WP_000850833.1,multidrug efflux MFS transporter EmrD-3,VC_RS14600,emrD3,283612,284751,+,NC_002506.1,0,0,0
235,WP_001893372.1,methyl-accepting chemotaxis protein,VC_RS14605,,285055,286965,+,NC_002506.1,0,0,0
236,WP_000020017.1,aspartate aminotransferase family protein,VC_RS14610,,286981,288654,+,NC_002506.1,0,0,0
237,WP_000752357.1,D-alanyl-D-alanine carboxypeptidase,VC_RS14615,,288852,289988,+,NC_002506.1,0,0,0
238,WP_000422463.1,helix-turn-helix transcriptional regulator,VC_RS14620,,290166,290513,+,NC_002506.1,0,0,0
239,WP_000439044.1,hypothetical protein,VC_RS14625,,290608,291042,-,NC_002506.1,0,0,0
240,WP_000754256.1,carbonic anhydrase,VC_RS14630,,291259,291978,+,NC_002506.1,0,0,0
241,WP_000503164.1,IS200/IS605-like element IS1004 family transposase,VC_RS14635,tnpA,292265,292702,-,NC_002506.1,0,0,0
243,WP_000361811.1,glycine cleavage system protein GcvH,VC_RS14650,gcvH,295889,296269,-,NC_002506.1,0,0,0
244,WP_000993300.1,serine hydroxymethyltransferase,VC_RS14655,,296306,297613,-,NC_002506.1,0,0,0
245,WP_001287804.1,XRE family transcriptional regulator,VC_RS14660,,298001,298624,+,NC_002506.1,0,0,0
247,WP_001018595.1,site-specific integrase,VC_RS14670,,300473,301624,+,NC_002506.1,0,0,0
248,WP_000019370.1,IS5-like element ISVch5 family transposase,VC_RS14675,,301670,302650,+,NC_002506.1,0,0,0
249,WP_010895476.1,hypothetical protein,VC_RS18735,,302926,304149,+,NC_002506.1,0,0,0
250,WP_000237645.1,type VI secretion system PAAR protein,VC_RS14685,,304670,305200,+,NC_002506.1,0,1,1
251,WP_000132861.1,hypothetical protein,VC_RS14690,,305200,305871,+,NC_002506.1,1,1,1
252,WP_001911595.1,hypothetical protein,VC_RS14695,,305996,306223,+,NC_002506.1,0,0,0
253,WP_001121779.1,threonine--tRNA ligase,VC_RS14700,thrS,306492,308420,+,NC_002506.1,0,0,0
254,WP_001894072.1,translation initiation factor IF-3,VC_RS14705,infC,308424,308975,+,NC_002506.1,0,0,0
255,WP_001885060.1,50S ribosomal protein L35,VC_RS14710,rpmI,309079,309273,+,NC_002506.1,0,0,0
256,WP_001138366.1,50S ribosomal protein L20,VC_RS14715,rplT,309315,309668,+,NC_002506.1,0,0,0
257,WP_000841995.1,integron integrase IntIA,VC_RS14720,intIA,309750,310712,-,NC_002506.1,0,0,0
258,WP_000937852.1,hypothetical protein,VC_RS14725,,311034,311300,+,NC_002506.1,0,0,0
259,WP_000429495.1,DUF6338 family protein,VC_RS14730,,311455,312054,+,NC_002506.1,0,0,0
260,WP_001883086.1,DUF3265 domain-containing protein,VC_RS14735,,312568,312735,+,NC_002506.1,0,0,0
262,WP_072615218.1,DUF3265 domain-containing protein,VC_RS18740,,313134,313223,+,NC_002506.1,0,0,0
263,WP_000923182.1,DUF645 family protein,VC_RS14750,,313887,314069,+,NC_002506.1,0,0,0
264,WP_001890111.1,TIGR03643 family protein,VC_RS14755,,314325,314576,+,NC_002506.1,0,0,0
265,WP_071908333.1,DUF3265 domain-containing protein,VC_RS14760,,314549,314698,+,NC_002506.1,0,0,0
266,WP_000795498.1,hypothetical protein,VC_RS14765,,314729,315160,+,NC_002506.1,0,0,0
267,WP_001009012.1,type B-5 chloramphenicol O-acetyltransferase CatB9,VC_RS14770,,315311,315940,+,NC_002506.1,0,0,0
268,WP_000116045.1,SDR family oxidoreductase,VC_RS14780,,316096,316848,+,NC_002506.1,0,0,0
269,WP_001203705.1,hypothetical protein,VC_RS14785,,316946,317125,+,NC_002506.1,0,0,0
270,WP_000923334.1,DUF645 family protein,VC_RS14790,,317150,317332,+,NC_002506.1,0,0,0
271,WP_000411106.1,hypothetical protein,VC_RS14795,,317537,317914,+,NC_002506.1,0,0,0
272,WP_000923340.1,DUF645 family protein,VC_RS14800,,318210,318392,+,NC_002506.1,0,0,0
273,WP_000923153.1,DUF645 family protein,VC_RS14805,,318746,318928,+,NC_002506.1,0,0,0
274,WP_000254617.1,HNH endonuclease,VC_RS14810,,319123,319800,+,NC_002506.1,0,0,0
275,WP_000272282.1,deoxyguanosinetriphosphate triphosphohydrolase family protein,VC_RS14815,,319962,321170,+,NC_002506.1,0,0,0
276,WP_000087610.1,HNH endonuclease,VC_RS14820,,321332,322036,+,NC_002506.1,0,0,0
277,WP_000713853.1,hypothetical protein,VC_RS14825,,322194,322532,+,NC_002506.1,0,0,0
278,WP_001180243.1,type II toxin-antitoxin system RelE/ParE family toxin,VC_RS14830,,322686,323003,-,NC_002506.1,0,0,0
279,WP_000557292.1,type II toxin-antitoxin system Phd/YefM family antitoxin,VC_RS14835,,323022,323264,-,NC_002506.1,0,0,0
280,WP_001015867.1,NUDIX hydrolase,VC_RS14840,,323508,323894,+,NC_002506.1,0,0,0
281,WP_001900214.1,hypothetical protein,VC_RS14845,,323951,324064,+,NC_002506.1,0,0,0
282,WP_001894429.1,DUF1289 domain-containing protein,VC_RS14850,,324013,324294,+,NC_002506.1,0,0,0
283,WP_000469482.1,GNAT family N-acetyltransferase,VC_RS14860,,324552,325088,+,NC_002506.1,0,0,0
284,WP_001201509.1,lipocalin family protein,VC_RS14865,,325225,325740,+,NC_002506.1,0,0,0
285,WP_000982260.1,GNAT family N-acetyltransferase,VC_RS14870,,325890,326387,-,NC_002506.1,0,0,0
286,WP_000246253.1,DUF1778 domain-containing protein,VC_RS14875,,326384,326656,-,NC_002506.1,0,0,0
287,WP_001900195.1,DUF645 family protein,VC_RS14880,,327049,327174,+,NC_002506.1,0,0,0
288,WP_106019118.1,hypothetical protein,VC_RS14885,,327190,327228,+,NC_002506.1,0,0,0
289,WP_000006157.1,hypothetical protein,VC_RS14890,,327424,327870,+,NC_002506.1,0,0,0
290,WP_000277238.1,type II toxin-antitoxin system YafQ family toxin,VC_RS14895,,328018,328287,-,NC_002506.1,0,0,0
291,WP_001258569.1,type II toxin-antitoxin system RelB/DinJ family antitoxin,VC_RS14900,,328280,328558,-,NC_002506.1,0,0,0
292,WP_001921601.1,DUF3709 domain-containing protein,VC_RS14905,,328844,329122,+,NC_002506.1,0,0,0
294,WP_001921603.1,hypothetical protein,VC_RS14915,,329780,329881,+,NC_002506.1,0,0,0
295,WP_000703163.1,VOC family protein,VC_RS14920,,329871,330257,+,NC_002506.1,0,0,0
296,WP_001890111.1,TIGR03643 family protein,VC_RS14925,,330452,330703,+,NC_002506.1,0,0,0
297,WP_071908333.1,DUF3265 domain-containing protein,VC_RS14930,,330676,330825,+,NC_002506.1,0,0,0
298,WP_000107461.1,hypothetical protein,VC_RS14935,,330917,331159,+,NC_002506.1,0,0,0
299,WP_000280324.1,DUF3709 domain-containing protein,VC_RS14940,,331411,331689,+,NC_002506.1,0,0,0
301,WP_082798268.1,hypothetical protein,VC_RS18630,,332261,332299,+,NC_002506.1,0,0,0
302,WP_001289288.1,OsmC family protein,VC_RS14950,,332511,332978,+,NC_002506.1,0,0,0
303,WP_000960654.1,hypothetical protein,VC_RS14955,,333106,333768,+,NC_002506.1,0,0,0
304,WP_000589156.1,BrnT family toxin,VC_RS14960,,333953,334219,+,NC_002506.1,0,0,0
305,WP_000643598.1,hypothetical protein,VC_RS14965,,334206,334451,+,NC_002506.1,0,0,0
306,WP_001911581.1,hypothetical protein,VC_RS14970,,334547,335341,+,NC_002506.1,0,0,0
307,WP_071908338.1,general secretion pathway protein GspI,VC_RS18645,,335444,335572,+,NC_002506.1,0,0,0
308,WP_000923182.1,DUF645 family protein,VC_RS14975,,335633,335815,+,NC_002506.1,0,0,0
309,WP_000964920.1,LD-carboxypeptidase,VC_RS14980,,336031,337035,+,NC_002506.1,0,0,0
310,WP_001071541.1,VOC family protein,VC_RS14985,,337188,337547,+,NC_002506.1,0,0,0
311,WP_001890112.1,DUF3709 domain-containing protein,VC_RS14990,,337820,338053,+,NC_002506.1,0,0,0
312,WP_000393074.1,hypothetical protein,VC_RS14995,,338321,338827,+,NC_002506.1,0,0,0
313,WP_000703163.1,VOC family protein,VC_RS15000,,338984,339370,+,NC_002506.1,0,0,0
314,WP_001911580.1,hypothetical protein,VC_RS15005,,339627,339830,+,NC_002506.1,0,0,0
315,WP_001890111.1,TIGR03643 family protein,VC_RS15010,,340025,340276,+,NC_002506.1,0,0,0
316,WP_071908333.1,DUF3265 domain-containing protein,VC_RS15015,,340249,340398,+,NC_002506.1,0,0,0
317,WP_000415750.1,hypothetical protein,VC_RS15020,,340545,340970,+,NC_002506.1,0,0,0
318,WP_000247070.1,DUF1349 domain-containing protein,VC_RS15025,,341176,341799,+,NC_002506.1,0,0,0
319,WP_000009888.1,lecithin retinol acyltransferase family protein,VC_RS15030,,342012,342491,+,NC_002506.1,0,1,1
320,WP_000049420.1,VOC family protein,VC_RS15035,,342679,343092,+,NC_002506.1,0,0,0
321,WP_000578476.1,"type II toxin-antitoxin system mRNA interferase toxin, RelE/StbE family",VC_RS15045,,343243,343521,-,NC_002506.1,0,0,0
322,WP_000381183.1,type II toxin-antitoxin system RelB/DinJ family antitoxin,VC_RS15050,,343518,343802,-,NC_002506.1,0,0,0
323,WP_001201520.1,lipocalin family protein,VC_RS15055,,343997,344512,+,NC_002506.1,0,0,0
324,WP_000255434.1,hypothetical protein,VC_RS15060,,344577,345173,+,NC_002506.1,0,0,0
325,WP_000923182.1,DUF645 family protein,VC_RS15065,,345564,345746,+,NC_002506.1,0,0,0
326,WP_001161076.1,GrpB family protein,VC_RS15070,,345946,346419,+,NC_002506.1,0,0,0
327,WP_014378730.1,DUF3265 domain-containing protein,VC_RS15075,,346434,346526,+,NC_002506.1,0,0,0
328,WP_000365424.1,LysE family translocator,VC_RS15080,,346568,347194,+,NC_002506.1,0,0,0
329,WP_001890502.1,hypothetical protein,VC_RS15085,,347317,348015,+,NC_002506.1,0,0,0
330,WP_079857360.1,DUF3265 domain-containing protein,VC_RS15090,,348025,348135,+,NC_002506.1,0,0,0
331,WP_001883058.1,DUF645 family protein,VC_RS15095,,348713,348892,+,NC_002506.1,0,0,0
332,WP_000870857.1,DUF3465 domain-containing protein,VC_RS15100,,349106,349501,+,NC_002506.1,0,0,0
333,WP_000802136.1,type II toxin-antitoxin system RelE/ParE family toxin,VC_RS15105,,349629,349928,-,NC_002506.1,0,0,0
334,WP_001107719.1,type II toxin-antitoxin system ParD family antitoxin,VC_RS15110,,349925,350167,-,NC_002506.1,0,0,0
335,WP_000110120.1,hypothetical protein,VC_RS15115,,350396,350974,+,NC_002506.1,0,1,1
336,WP_014164112.1,DUF3265 domain-containing protein,VC_RS15120,,350996,351088,+,NC_002506.1,0,0,0
337,WP_000877436.1,hypothetical protein,VC_RS15125,,351512,352195,+,NC_002506.1,0,0,0
338,WP_000937852.1,hypothetical protein,VC_RS15130,,352409,352675,+,NC_002506.1,0,0,0
340,WP_000051985.1,restriction endonuclease,VC_RS15140,,353709,354644,+,NC_002506.1,0,0,0
341,WP_001883049.1,DUF3265 domain-containing protein,VC_RS15145,,354610,354750,+,NC_002506.1,0,0,0
342,WP_000954291.1,hypothetical protein,VC_RS15150,,354862,355884,+,NC_002506.1,0,0,0
343,WP_001921103.1,hypothetical protein,VC_RS15155,,355925,356431,+,NC_002506.1,0,0,0
344,WP_000213836.1,hypothetical protein,VC_RS15160,,356492,357187,-,NC_002506.1,0,1,1
345,WP_086010879.1,IS3 family transposase,VC_RS15165,,357184,358103,-,NC_002506.1,0,0,0
346,WP_000093800.1,DUF4365 domain-containing protein,VC_RS15170,,358779,359786,+,NC_002506.1,0,0,0
348,WP_000280319.1,DUF3709 domain-containing protein,VC_RS15180,,360011,360289,+,NC_002506.1,0,0,0
349,WP_000046952.1,DUF6404 family protein,VC_RS15185,,360542,360937,+,NC_002506.1,0,0,0
351,WP_000046953.1,DUF6404 family protein,VC_RS15195,,361598,361993,+,NC_002506.1,0,0,0
352,WP_000644491.1,nucleotidyltransferase family protein,VC_RS15200,,362137,362673,+,NC_002506.1,0,0,0
353,WP_001883039.1,DUF645 family protein,VC_RS15205,,362970,363149,+,NC_002506.1,0,0,0
354,WP_000403014.1,GNAT family N-acetyltransferase,VC_RS15210,,363345,363770,+,NC_002506.1,0,0,0
355,WP_000933409.1,hypothetical protein,VC_RS15215,,363919,364266,+,NC_002506.1,0,0,0
356,WP_125460920.1,hypothetical protein,VC_RS15220,,364413,364706,+,NC_002506.1,0,0,0
357,WP_001907607.1,DUF645 family protein,VC_RS18720,,365062,365157,+,NC_002506.1,0,0,0
358,WP_001180243.1,type II toxin-antitoxin system RelE/ParE family toxin,VC_RS15230,,365351,365668,-,NC_002506.1,0,0,0
359,WP_000557292.1,type II toxin-antitoxin system Phd/YefM family antitoxin,VC_RS15235,,365687,365929,-,NC_002506.1,0,0,0
360,WP_000409153.1,GNAT family N-acetyltransferase,VC_RS15240,,366171,366680,+,NC_002506.1,0,0,0
361,WP_000226874.1,hypothetical protein,VC_RS15245,,366737,367390,+,NC_002506.1,0,0,0
362,WP_001917086.1,DUF3709 domain-containing protein,VC_RS15250,,367700,367918,+,NC_002506.1,0,0,0
363,WP_032482776.1,DUF3709 domain-containing protein,VC_RS15255,,368321,368554,+,NC_002506.1,0,0,0
365,WP_001162670.1,type II toxin-antitoxin system RelE/ParE family toxin,VC_RS15265,,369426,369713,+,NC_002506.1,0,0,0
366,WP_001232701.1,HigA family addiction module antitoxin,VC_RS15270,,369724,370041,+,NC_002506.1,0,0,0
367,WP_134814058.1,DUF3265 domain-containing protein,VC_RS18745,,370038,370148,+,NC_002506.1,0,0,0
368,WP_001944767.1,DUF645 family protein,VC_RS18655,,370325,370450,+,NC_002506.1,0,0,0
369,WP_106019119.1,hypothetical protein,VC_RS18660,,370466,370504,+,NC_002506.1,0,0,0
370,WP_000469836.1,PhzF family phenazine biosynthesis protein,VC_RS15285,,370728,371468,+,NC_002506.1,0,0,0
371,WP_000056616.1,abortive infection family protein,VC_RS15290,,371673,372503,+,NC_002506.1,0,1,1
372,WP_001895003.1,hypothetical protein,VC_RS15295,,372560,373042,+,NC_002506.1,0,0,0
373,WP_000259044.1,hypothetical protein,VC_RS15300,,373489,374364,+,NC_002506.1,0,0,0
374,WP_001245327.1,GNAT family N-acetyltransferase,VC_RS15305,,374494,374949,+,NC_002506.1,0,0,0
375,WP_080368267.1,acetyltransferase,VC_RS18665,,375006,375101,+,NC_002506.1,0,0,0
376,WP_000049417.1,VOC family protein,VC_RS15310,,375133,375546,+,NC_002506.1,0,0,0
377,WP_000453957.1,GNAT family N-acetyltransferase,VC_RS15315,,375697,376131,+,NC_002506.1,0,0,0
378,WP_000483445.1,DUF645 family protein,VC_RS15320,,376917,377087,+,NC_002506.1,0,0,0
379,WP_000466864.1,YrdB family protein,VC_RS15325,,377315,377935,+,NC_002506.1,0,0,0
380,WP_001201512.1,lipocalin family protein,VC_RS15330,,378083,378598,+,NC_002506.1,0,0,0
381,WP_000947513.1,DUF645 family protein,VC_RS15335,,378901,379083,+,NC_002506.1,0,0,0
382,WP_001911745.1,hypothetical protein,VC_RS15340,,379406,379609,+,NC_002506.1,0,0,0
383,WP_000650937.1,hypothetical protein,VC_RS15345,,379771,380229,+,NC_002506.1,0,0,0
384,WP_000454151.1,hypothetical protein,VC_RS15350,,380380,380742,+,NC_002506.1,0,1,1
385,WP_071917830.1,DUF3265 domain-containing protein,VC_RS15355,,380742,380828,+,NC_002506.1,0,0,0
386,WP_001889214.1,DUF645 family protein,VC_RS15360,,381045,381224,+,NC_002506.1,0,0,0
387,WP_000093410.1,hypothetical protein,VC_RS15365,,381420,382073,+,NC_002506.1,0,0,0
388,WP_000870841.1,DUF3465 domain-containing protein,VC_RS15370,,382228,382623,+,NC_002506.1,0,0,0
389,WP_001071514.1,VOC family protein,VC_RS15375,,382786,383145,+,NC_002506.1,0,0,0
390,WP_001889156.1,DUF3709 domain-containing protein,VC_RS15380,,383328,383651,+,NC_002506.1,0,0,0
391,WP_000469482.1,GNAT family N-acetyltransferase,VC_RS15385,,383932,384468,+,NC_002506.1,0,0,0
392,WP_000947517.1,DUF645 family protein,VC_RS15390,,385229,385411,+,NC_002506.1,0,0,0
393,WP_001176447.1,hypothetical protein,VC_RS15395,,385530,386315,+,NC_002506.1,0,0,0
394,WP_170831679.1,DUF4144 domain-containing protein,VC_RS15400,,386417,386779,+,NC_002506.1,0,0,0
395,WP_000735184.1,hypothetical protein,VC_RS15405,,387025,387450,+,NC_002506.1,0,0,0
396,WP_000086649.1,type II toxin-antitoxin system Phd/YefM family antitoxin,VC_RS15410,,387664,387945,+,NC_002506.1,0,0,0
398,WP_001999495.1,DUF3709 domain-containing protein,VC_RS15420,,388406,388729,+,NC_002506.1,0,0,0
399,WP_000870868.1,DUF3465 domain-containing protein,VC_RS15425,,389015,389410,+,NC_002506.1,0,0,0
400,WP_043987927.1,DUF1289 domain-containing protein,VC_RS15435,,389600,389821,+,NC_002506.1,0,0,0
401,WP_000415748.1,hypothetical protein,VC_RS15445,,390185,390610,+,NC_002506.1,0,0,0
402,WP_001999499.1,DUF3709 domain-containing protein,VC_RS15450,,390936,391169,+,NC_002506.1,0,0,0
403,WP_001889207.1,DUF4144 domain-containing protein,VC_RS15455,,391358,391753,+,NC_002506.1,0,0,0
404,WP_000491261.1,VOC family protein,VC_RS15460,,391972,392361,+,NC_002506.1,0,0,0
405,WP_000280038.1,DUF2971 domain-containing protein,VC_RS15465,,392515,393372,+,NC_002506.1,0,0,0
406,WP_001889238.1,DUF645 family protein,VC_RS15470,,393668,393847,+,NC_002506.1,0,0,0
407,WP_000343784.1,GNAT family N-acetyltransferase,VC_RS15475,,394041,394556,+,NC_002506.1,0,0,0
408,WP_001944767.1,DUF645 family protein,VC_RS18750,,394853,394978,+,NC_002506.1,0,0,0
409,WP_106019119.1,hypothetical protein,VC_RS18755,,394994,395032,+,NC_002506.1,0,0,0
410,WP_000964925.1,LD-carboxypeptidase,VC_RS15485,,395245,396249,+,NC_002506.1,0,0,0
411,WP_000128977.1,hypothetical protein,VC_RS15490,,396402,396848,+,NC_002506.1,0,0,0
412,WP_000335802.1,hypothetical protein,VC_RS15495,,396968,397897,+,NC_002506.1,0,0,0
413,WP_071917832.1,DUF3265 domain-containing protein,VC_RS15500,,397894,398004,+,NC_002506.1,0,0,0
414,WP_001047180.1,GNAT family N-acetyltransferase,VC_RS15505,,398032,398508,+,NC_002506.1,0,0,0
415,WP_001201528.1,lipocalin family protein,VC_RS15510,,398645,399160,+,NC_002506.1,0,0,0
416,WP_000221352.1,type II toxin-antitoxin system RelE/ParE family toxin,VC_RS15515,,399296,399586,-,NC_002506.1,0,0,0
417,WP_000213183.1,type II toxin-antitoxin system Phd/YefM family antitoxin,VC_RS15520,,399576,399824,-,NC_002506.1,0,0,0
418,WP_000036957.1,site-specific DNA-methyltransferase,VC_RS15525,,400395,401048,+,NC_002506.1,0,0,0
419,WP_000415748.1,hypothetical protein,VC_RS15530,,401320,401745,+,NC_002506.1,0,0,0
420,WP_000649527.1,DUF3465 domain-containing protein,VC_RS15535,,401953,402348,+,NC_002506.1,0,0,0
421,WP_000415563.1,hypothetical protein,VC_RS15540,,402499,403029,+,NC_002506.1,0,0,0
422,WP_000789723.1,hypothetical protein,VC_RS15545,,403167,403667,+,NC_002506.1,0,0,0
424,WP_000140244.1,hypothetical protein,VC_RS15555,,404320,404784,-,NC_002506.1,0,0,0
426,WP_001020575.1,DJ-1/PfpI family protein,VC_RS15565,,406403,406981,+,NC_002506.1,0,0,0
427,WP_001882300.1,DUF645 family protein,VC_RS15570,,407285,407455,+,NC_002506.1,0,0,0
428,WP_000789575.1,hypothetical protein,VC_RS15575,,407778,408392,+,NC_002506.1,0,0,0
429,WP_001279526.1,DUF2806 domain-containing protein,VC_RS15580,,408539,409396,+,NC_002506.1,0,0,0
430,WP_000821930.1,hypothetical protein,VC_RS15585,,409552,410103,+,NC_002506.1,0,0,0
431,WP_001911745.1,hypothetical protein,VC_RS15590,,410390,410593,+,NC_002506.1,0,0,0
432,WP_001882305.1,DUF3709 domain-containing protein,VC_RS15595,,410874,411047,+,NC_002506.1,0,0,0
433,WP_001198131.1,hypothetical protein,VC_RS15600,,411407,411676,+,NC_002506.1,0,0,0
435,WP_000703163.1,VOC family protein,VC_RS15610,,412374,412760,+,NC_002506.1,0,0,0
436,WP_000107461.1,hypothetical protein,VC_RS15615,,412962,413204,+,NC_002506.1,0,0,0
437,WP_000411109.1,hypothetical protein,VC_RS15620,,413375,413752,+,NC_002506.1,0,0,0
439,WP_001894453.1,DUF1289 domain-containing protein,VC_RS15625,,413872,414153,+,NC_002506.1,0,0,0
440,WP_001889158.1,hypothetical protein,VC_RS15635,,414319,414432,+,NC_002506.1,0,0,0
441,WP_001894457.1,DUF1289 domain-containing protein,VC_RS15640,,414381,414608,+,NC_002506.1,0,0,0
442,WP_000843587.1,type II toxin-antitoxin system RelE/ParE family toxin,VC_RS15650,,414949,415281,+,NC_002506.1,0,0,0
443,WP_000071008.1,DNA-binding transcriptional regulator,VC_RS15655,,415268,415582,+,NC_002506.1,0,0,0
444,WP_000256036.1,GNAT family N-acetyltransferase,VC_RS15660,,415719,416153,+,NC_002506.1,0,0,0
445,WP_000751734.1,hypothetical protein,VC_RS15665,,416321,416476,+,NC_002506.1,0,0,0
446,WP_000019370.1,IS5-like element ISVch5 family transposase,VC_RS15670,,416601,417581,-,NC_002506.1,0,0,0
448,WP_001047169.1,GNAT family N-acetyltransferase,VC_RS15680,,418092,418784,+,NC_002506.1,0,0,0
449,WP_000351248.1,type II toxin-antitoxin system death-on-curing family toxin,VC_RS15685,,418784,419185,+,NC_002506.1,0,0,0
450,WP_071908341.1,DUF3265 domain-containing protein,VC_RS15690,,419155,419298,+,NC_002506.1,0,0,0
451,WP_000049417.1,VOC family protein,VC_RS15695,,419373,419786,+,NC_002506.1,0,0,0
452,WP_001250179.1,type II toxin-antitoxin system Phd/YefM family antitoxin,VC_RS15700,,420000,420251,+,NC_002506.1,0,0,0
453,WP_000221354.1,type II toxin-antitoxin system RelE/ParE family toxin,VC_RS15705,,420241,420528,+,NC_002506.1,0,0,0
454,WP_001245327.1,GNAT family N-acetyltransferase,VC_RS15710,,420656,421111,+,NC_002506.1,0,0,0
455,WP_001884520.1,DUF645 family protein,VC_RS15715,,421433,421585,+,NC_002506.1,0,1,0
456,WP_000982260.1,GNAT family N-acetyltransferase,VC_RS15720,,421787,422284,-,NC_002506.1,0,0,0
457,WP_000246253.1,DUF1778 domain-containing protein,VC_RS15725,,422281,422553,-,NC_002506.1,0,0,0
458,WP_000043871.1,hypothetical protein,VC_RS15730,,422784,423452,+,NC_002506.1,0,0,0
459,WP_000426470.1,hypothetical protein,VC_RS15735,,423604,423891,+,NC_002506.1,0,0,0
460,WP_001164080.1,nucleotide pyrophosphohydrolase,VC_RS15740,,424032,424403,+,NC_002506.1,0,0,0
461,WP_001882332.1,DUF1778 domain-containing protein,VC_RS15745,,424470,424895,+,NC_002506.1,0,0,0
462,WP_000118351.1,GNAT family N-acetyltransferase,VC_RS15750,,424892,425425,+,NC_002506.1,0,0,0
463,WP_000861987.1,type II toxin-antitoxin system Phd/YefM family antitoxin,VC_RS15760,,425627,425884,+,NC_002506.1,0,0,0
464,WP_000229317.1,type II toxin-antitoxin system RelE/ParE family toxin,VC_RS15765,,425872,426174,+,NC_002506.1,0,0,0
465,WP_000186333.1,alpha/beta hydrolase,VC_RS15770,,426408,427325,+,NC_002506.1,0,0,0
466,WP_001081302.1,hypothetical protein,VC_RS15775,,427482,427871,+,NC_002506.1,0,0,0
468,WP_000503169.1,IS200/IS605 family transposase,VC_RS15785,tnpA,428335,428772,+,NC_002506.1,0,0,0
469,WP_071908318.1,GNAT family N-acetyltransferase,VC_RS15790,,428836,429054,+,NC_002506.1,0,0,0
470,WP_000254716.1,DUF3800 domain-containing protein,VC_RS15795,,429229,430101,+,NC_002506.1,0,0,0
471,WP_001891245.1,glutathione S-transferase N-terminal domain-containing protein,VC_RS15800,,430251,430850,+,NC_002506.1,0,0,0
472,WP_099607150.1,acetyltransferase,VC_RS15805,,430907,431011,+,NC_002506.1,0,0,0
473,WP_001114075.1,DUF4160 domain-containing protein,VC_RS15810,,431042,431311,+,NC_002506.1,0,0,0
474,WP_000921691.1,DUF2442 domain-containing protein,VC_RS15815,,431305,431826,+,NC_002506.1,0,0,0
475,WP_001905700.1,DUF645 family protein,VC_RS15820,,432125,432250,+,NC_002506.1,0,0,0
476,WP_001000867.1,hypothetical protein,VC_RS15825,,432501,432896,+,NC_002506.1,0,1,1
477,WP_000578476.1,"type II toxin-antitoxin system mRNA interferase toxin, RelE/StbE family",VC_RS15830,,433035,433313,-,NC_002506.1,0,0,0
478,WP_000381183.1,type II toxin-antitoxin system RelB/DinJ family antitoxin,VC_RS15835,,433310,433594,-,NC_002506.1,0,0,0
479,WP_000343779.1,GNAT family N-acetyltransferase,VC_RS15840,,433788,434303,+,NC_002506.1,0,0,0
480,WP_000049420.1,VOC family protein,VC_RS15845,,434487,434900,+,NC_002506.1,0,0,0
481,WP_086010879.1,IS3 family transposase,VC_RS15855,,435455,435713,+,NC_002506.1,0,0,0
482,WP_000509635.1,alkaline phosphatase family protein,VC_RS15860,,437051,439828,+,NC_002506.1,0,0,0
483,WP_000802773.1,anaerobic ribonucleoside-triphosphate reductase,VC_RS15865,nrdD,440291,442411,+,NC_002506.1,0,0,0
484,WP_001106209.1,anaerobic ribonucleoside-triphosphate reductase-activating protein,VC_RS15870,nrdG,442416,442883,+,NC_002506.1,0,0,0
485,WP_000494051.1,aspartate/tyrosine/aromatic aminotransferase,VC_RS15875,,443005,444186,+,NC_002506.1,0,0,0
486,WP_000082072.1,ATP-dependent zinc protease,VC_RS15880,,444244,444927,+,NC_002506.1,0,0,0
487,WP_000684721.1,PTS fructose transporter subunit IIBC,VC_RS15885,fruA,445161,446897,-,NC_002506.1,0,0,0
488,WP_000163391.1,1-phosphofructokinase,VC_RS15890,pfkB,446916,447869,-,NC_002506.1,0,0,0
489,WP_000891934.1,fused PTS fructose transporter subunit IIA/HPr protein,VC_RS15895,fruB,447880,449082,-,NC_002506.1,0,0,0
490,WP_000171125.1,catabolite repressor/activator,VC_RS15900,cra,449421,450401,+,NC_002506.1,0,0,0
491,WP_000670244.1,exonuclease SbcCD subunit D,VC_RS15905,,450455,451594,+,NC_002506.1,0,0,0
492,WP_001247622.1,SMC family ATPase,VC_RS15910,,451596,454637,+,NC_002506.1,0,0,0
493,WP_000900329.1,response regulator,VC_RS15915,,454812,456794,+,NC_002506.1,0,0,0
494,WP_001039912.1,quorum-sensing autoinducer CAI-1 synthase,VC_RS15920,cqsA,457023,458192,-,NC_002506.1,0,0,0
495,WP_001104009.1,TDT family transporter,VC_RS15925,,458389,459351,-,NC_002506.1,0,0,0
496,WP_000107451.1,H(+)/Cl(-) exchange transporter ClcA,VC_RS15930,clcA,459498,460904,-,NC_002506.1,0,0,0
497,WP_000610709.1,GTP-binding protein,VC_RS15935,,461371,462360,+,NC_002506.1,0,0,0
498,WP_000247909.1,ribosome biogenesis GTPase YlqF,VC_RS15940,ylqF,462424,463368,-,NC_002506.1,0,0,0
499,WP_000801198.1,potassium transporter Kup,VC_RS15945,,463691,465553,+,NC_002506.1,0,0,0
500,WP_000219885.1,pyruvate:ferredoxin (flavodoxin) oxidoreductase,VC_RS15950,nifJ,465651,468890,-,NC_002506.1,0,0,0
501,WP_000258678.1,ATP-binding protein,VC_RS15955,,468993,470486,+,NC_002506.1,0,0,0
502,WP_001083605.1,response regulator,VC_RS15960,,470476,471168,+,NC_002506.1,0,0,0
503,WP_000508978.1,twin-arginine translocase TatA/TatE family subunit,VC_RS15965,,471368,471604,+,NC_002506.1,0,0,0
505,WP_000903494.1,hypothetical protein,VC_RS15975,,472658,473038,-,NC_002506.1,0,0,0
506,WP_000244531.1,EAL domain-containing protein,VC_RS15980,,473172,473969,-,NC_002506.1,0,0,0
508,WP_000797827.1,cytochrome b,VC_RS15990,,475386,475931,+,NC_002506.1,0,0,0
509,WP_000753206.1,YceI family protein,VC_RS15995,,475928,476497,+,NC_002506.1,0,0,0
510,WP_001271444.1,formate transporter FocA,VC_RS16000,focA,476605,478056,-,NC_002506.1,0,0,0
511,WP_001270755.1,LysR substrate-binding domain-containing protein,VC_RS16005,,478273,479178,+,NC_002506.1,0,0,0
512,WP_000105490.1,DUF1097 domain-containing protein,VC_RS16010,,479355,479852,+,NC_002506.1,0,0,0
513,WP_000549955.1,ATP-dependent endonuclease,VC_RS16015,,480084,481715,-,NC_002506.1,0,0,0
514,WP_001132206.1,bifunctional metallophosphatase/5'-nucleotidase,VC_RS16020,,481978,483720,+,NC_002506.1,0,0,0
515,WP_000074622.1,TerC/Alx family metal homeostasis membrane protein,VC_RS16025,,484280,485236,+,NC_002506.1,0,0,0
516,WP_000035884.1,hypothetical protein,VC_RS16030,,485540,485728,+,NC_002506.1,0,0,0
517,WP_000102412.1,PhnA domain-containing protein,VC_RS16035,,485878,486444,-,NC_002506.1,0,0,0
518,WP_000421297.1,site-2 protease family protein,VC_RS16040,,486637,487719,+,NC_002506.1,0,0,0
519,WP_001025949.1,hypothetical protein,VC_RS16045,,487773,487958,-,NC_002506.1,0,0,0
520,WP_001009813.1,fatty acid cis/trans isomerase,VC_RS16050,,488171,490528,-,NC_002506.1,0,0,0
521,WP_000034191.1,OFA family MFS transporter,VC_RS16055,,490884,492116,-,NC_002506.1,0,0,0
522,WP_000682162.1,DUF3332 domain-containing protein,VC_RS16060,,492539,493081,+,NC_002506.1,0,0,0
523,WP_000350040.1,sensor domain-containing diguanylate cyclase,VC_RS16065,,493375,494760,+,NC_002506.1,0,0,0
524,WP_000090763.1,gamma-glutamyltransferase family protein,VC_RS16075,,495055,496623,+,NC_002506.1,0,0,0
525,WP_001882407.1,Solitary outer membrane autotransporter beta-barrel domain,VC_RS16080,,496701,497681,+,NC_002506.1,0,0,0
526,WP_000098952.1,GGDEF domain-containing protein,VC_RS16085,,497678,498916,-,NC_002506.1,0,0,0
527,WP_001177156.1,late competence development ComFB family protein,VC_RS16090,,499272,499646,+,NC_002506.1,0,0,0
528,WP_000522485.1,HlyU family transcriptional regulator,VC_RS16095,,499656,499934,+,NC_002506.1,0,0,0
529,WP_001165536.1,Re/Si-specific NAD(P)(+) transhydrogenase subunit alpha,VC_RS16100,,500227,501765,+,NC_002506.1,0,0,0
530,WP_001272521.1,Re/Si-specific NAD(P)(+) transhydrogenase subunit beta,VC_RS16105,pntB,501777,503153,+,NC_002506.1,0,0,0
531,WP_001911723.1,sensor histidine kinase,VC_RS16110,,503341,504753,+,NC_002506.1,0,0,0
532,WP_000815041.1,response regulator transcription factor,VC_RS16115,,504728,505384,+,NC_002506.1,0,0,0
533,WP_000240569.1,DUF2861 family protein,VC_RS16120,,505387,506271,+,NC_002506.1,0,0,0
534,WP_000822678.1,conjugal transfer protein TraF,VC_RS16125,,506332,507498,+,NC_002506.1,0,0,0
535,WP_000459082.1,YoaH family protein,VC_RS16130,,507539,507700,+,NC_002506.1,0,0,0
536,WP_000177186.1,stress response translation initiation inhibitor YciH,VC_RS16135,yciH,508285,508596,-,NC_002506.1,0,0,0
537,WP_000257351.1,DUF3319 domain-containing protein,VC_RS16140,,508604,508987,-,NC_002506.1,0,0,0
538,WP_000169444.1,D-alanine--D-alanine ligase,VC_RS16145,,509159,510163,-,NC_002506.1,0,0,0
539,WP_000717554.1,SPOR domain-containing protein,VC_RS16150,,510314,510889,-,NC_002506.1,0,0,0
540,WP_000349829.1,bifunctional acetate--CoA ligase family protein/GNAT family N-acetyltransferase,VC_RS16155,,511108,513789,+,NC_002506.1,0,0,0
541,WP_000950819.1,LysR substrate-binding domain-containing protein,VC_RS16160,,513839,514726,-,NC_002506.1,0,0,0
542,WP_000277183.1,TonB-dependent hemoglobin/transferrin/lactoferrin family receptor,VC_RS16165,,514959,517040,+,NC_002506.1,0,0,0
543,WP_000098137.1,SgrR family transcriptional regulator,VC_RS16170,,517364,519061,-,NC_002506.1,0,0,0
544,WP_000236616.1,DUF3389 domain-containing protein,VC_RS16175,,519142,519375,-,NC_002506.1,0,0,0
545,WP_001909330.1,hotdog fold thioesterase,VC_RS16180,,519376,519828,-,NC_002506.1,0,0,0
546,WP_000753571.1,M48 family metallopeptidase,VC_RS16185,,519996,520787,+,NC_002506.1,0,0,0
547,WP_000129045.1,RNA-binding S4 domain-containing protein,VC_RS16190,,520899,521381,-,NC_002506.1,0,0,0
548,WP_001911722.1,ABC transporter substrate-binding protein,VC_RS16195,,521533,522282,+,NC_002506.1,0,0,0
549,WP_000565042.1,glutathione binding-like protein,VC_RS16200,,522368,523036,-,NC_002506.1,0,0,0
550,WP_000780723.1,glutathione S-transferase,VC_RS16205,,523048,523659,-,NC_002506.1,0,0,0
551,WP_000101303.1,TetR/AcrR family transcriptional regulator,VC_RS16210,,523761,524357,+,NC_002506.1,0,0,0
552,WP_000581517.1,DNA-binding protein,VC_RS16215,,524354,524746,+,NC_002506.1,0,0,0
553,WP_001000856.1,ABC transporter ATP-binding protein,VC_RS16220,,524830,526422,-,NC_002506.1,0,0,0
554,WP_000525893.1,ABC transporter permease,VC_RS16225,,526419,527474,-,NC_002506.1,0,0,0
555,WP_000954183.1,microcin C ABC transporter permease YejB,VC_RS16230,,527474,528556,-,NC_002506.1,0,0,0
556,WP_001258208.1,extracellular solute-binding protein,VC_RS16235,,528565,530382,-,NC_002506.1,0,0,0
557,WP_000803725.1,NUDIX domain-containing protein,VC_RS16240,,530597,531118,-,NC_002506.1,0,0,0
558,WP_000096571.1,exopolyphosphatase,VC_RS16245,,531211,532143,-,NC_002506.1,0,0,0
559,WP_001043846.1,DUF333 domain-containing protein,VC_RS16250,,532383,532634,+,NC_002506.1,0,0,0
560,WP_001277066.1,YdcF family protein,VC_RS16255,,532716,533669,-,NC_002506.1,0,0,0
562,WP_000009279.1,DMT family transporter,VC_RS16265,,535461,536366,-,NC_002506.1,0,0,0
563,WP_001200476.1,phosphonate utilization transcriptional regulator PhnR,VC_RS16270,phnR,536432,537136,-,NC_002506.1,0,0,0
564,WP_000935647.1,putative 2-aminoethylphosphonate ABC transporter permease subunit,VC_RS16275,,537161,538861,-,NC_002506.1,0,0,0
565,WP_000177782.1,putative 2-aminoethylphosphonate ABC transporter ATP-binding protein,VC_RS16280,,538872,540044,-,NC_002506.1,0,0,0
566,WP_001911715.1,putative 2-aminoethylphosphonate ABC transporter substrate-binding protein,VC_RS16285,,540239,541249,-,NC_002506.1,0,0,0
567,WP_000786490.1,2-aminoethylphosphonate--pyruvate transaminase,VC_RS16290,phnW,541490,542593,+,NC_002506.1,0,0,0
568,WP_000846442.1,aspartate aminotransferase family protein,VC_RS16295,,542611,544008,+,NC_002506.1,0,0,0
569,WP_001889086.1,phosphonoacetaldehyde hydrolase,VC_RS16300,,544015,544830,+,NC_002506.1,0,0,0
570,WP_000080746.1,nucleoside diphosphate kinase regulator,VC_RS16305,rnk,544995,545402,+,NC_002506.1,0,0,0
571,WP_000872931.1,pyrimidine 5'-nucleotidase,VC_RS16310,yjjG,545462,546136,-,NC_002506.1,0,0,0
572,WP_000819276.1,hypothetical protein,VC_RS18690,,546337,546513,+,NC_002506.1,0,0,0
573,WP_000754779.1,isoprenoid biosynthesis glyoxalase ElbB,VC_RS16315,elbB,546518,547168,+,NC_002506.1,0,0,0
574,WP_000054763.1,large-conductance mechanosensitive channel protein MscL,VC_RS16320,mscL,547439,547849,+,NC_002506.1,0,0,0
575,WP_000936297.1,formate--tetrahydrofolate ligase,VC_RS16325,,548080,549828,+,NC_002506.1,0,0,0
576,WP_000825088.1,peptide-methionine (R)-S-oxide reductase MsrB,VC_RS16330,msrB,550004,551140,+,NC_002506.1,0,0,0
577,WP_000016195.1,GTP cyclohydrolase I FolE,VC_RS16335,folE,551233,551886,-,NC_002506.1,0,0,0
578,WP_000501684.1,molybdopterin molybdotransferase MoeA,VC_RS16340,moeA,552038,553273,+,NC_002506.1,0,0,0
579,WP_001911707.1,molybdopterin-synthase adenylyltransferase MoeB,VC_RS16345,moeB,553282,554040,+,NC_002506.1,0,0,0
580,WP_000067608.1,VOC family protein,VC_RS16350,,554224,554592,+,NC_002506.1,0,0,0
581,WP_000203698.1,3-mercaptopyruvate sulfurtransferase,VC_RS16355,sseA,554614,555444,+,NC_002506.1,0,0,0
582,WP_000078373.1,sugar-binding transcriptional regulator,VC_RS16360,,555529,556524,-,NC_002506.1,0,0,0
583,WP_000066347.1,transaldolase,VC_RS16365,tal,557117,558067,+,NC_002506.1,0,0,0
584,WP_001080531.1,transketolase,VC_RS16370,tkt,558164,560158,+,NC_002506.1,0,0,0
585,WP_001176252.1,TonB-dependent receptor,VC_RS16375,,560275,562527,-,NC_002506.1,0,0,0
586,WP_000213751.1,RNA methyltransferase,VC_RS16380,,562843,563355,+,NC_002506.1,0,0,0
587,WP_000589874.1,NERD domain-containing protein,VC_RS16385,,563799,565967,+,NC_002506.1,0,0,0
588,WP_000004192.1,AbrB family transcriptional regulator,VC_RS16390,,566238,567278,-,NC_002506.1,0,0,0
589,WP_000684287.1,D-2-hydroxyacid dehydrogenase family protein,VC_RS16395,,567291,568262,-,NC_002506.1,0,0,0
590,WP_001131618.1,GNAT family N-acetyltransferase,VC_RS16400,,568278,568793,-,NC_002506.1,0,0,0
591,WP_000110101.1,NUDIX domain-containing protein,VC_RS16405,,568826,569275,-,NC_002506.1,0,0,0
592,WP_000729333.1,GlpM family protein,VC_RS16410,,569315,569665,-,NC_002506.1,0,0,0
593,WP_000765958.1,tRNA (adenine(22)-N(1))-methyltransferase TrmK,VC_RS16415,,569857,570582,+,NC_002506.1,0,0,0
594,WP_000645865.1,LysR family transcriptional regulator,VC_RS16420,,570592,571533,+,NC_002506.1,0,0,0
595,WP_000581563.1,antibiotic biosynthesis monooxygenase,VC_RS16425,,571530,571820,-,NC_002506.1,0,0,0
596,WP_001028480.1,oxygen-insensitive NAD(P)H-dependent nitroreductase NfsB,VC_RS16430,,571824,572477,-,NC_002506.1,0,0,0
597,WP_000445873.1,efflux RND transporter permease subunit,VC_RS16435,,572693,575851,-,NC_002506.1,0,0,0
598,WP_000646058.1,efflux RND transporter periplasmic adaptor subunit,VC_RS16440,,575853,576857,-,NC_002506.1,0,0,0
599,WP_001037643.1,YeeE/YedE family protein,VC_RS16445,,576967,577425,-,NC_002506.1,0,0,0
600,WP_000144305.1,YeeE/YedE family protein,VC_RS16450,,577436,577855,-,NC_002506.1,0,0,0
601,WP_001114934.1,metalloregulator ArsR/SmtB family transcription factor,VC_RS16455,,577872,578189,-,NC_002506.1,0,0,0
602,WP_000151363.1,DUF2892 domain-containing protein,VC_RS16460,,578344,578529,+,NC_002506.1,0,0,0
603,WP_000161799.1,FAD-dependent oxidoreductase,VC_RS16465,,578595,580298,+,NC_002506.1,0,0,0
604,WP_000933880.1,VOC family protein,VC_RS16470,,580391,580771,-,NC_002506.1,0,0,0
605,WP_001917905.1,GNAT family N-acetyltransferase,VC_RS16475,,580887,582629,-,NC_002506.1,0,0,0
606,WP_000878533.1,YHS domain-containing protein,VC_RS16480,,582629,583075,-,NC_002506.1,0,0,0
607,WP_000337288.1,NRDE family protein,VC_RS16485,,583086,583832,-,NC_002506.1,0,0,0
608,WP_000881788.1,hypothetical protein,VC_RS16490,,583832,584374,-,NC_002506.1,0,0,0
609,WP_000217407.1,hypothetical protein,VC_RS16495,,584463,585599,-,NC_002506.1,0,0,0
610,WP_000386919.1,DedA family protein,VC_RS16500,,585596,586177,-,NC_002506.1,0,0,0
611,WP_000005282.1,DUF3069 domain-containing protein,VC_RS16505,,586449,586886,+,NC_002506.1,0,0,0
612,WP_000386199.1,sucrose-specific PTS transporter subunit IIBC,VC_RS16510,,587052,588491,-,NC_002506.1,0,0,0
613,WP_000157570.1,LacI family transcriptional regulator,VC_RS16515,,588792,589784,+,NC_002506.1,0,0,0
614,WP_000923309.1,glycoside hydrolase family 32 protein,VC_RS16520,,589860,591506,+,NC_002506.1,0,0,0
615,WP_000092343.1,aminoimidazole riboside kinase,VC_RS16525,,591628,592548,-,NC_002506.1,0,0,0
616,WP_000994115.1,glycerol-3-phosphate dehydrogenase,VC_RS16530,glpD,592946,594484,+,NC_002506.1,0,0,0
617,WP_001277444.1,methyl-accepting chemotaxis protein,VC_RS16535,,594586,596148,-,NC_002506.1,0,0,0
618,WP_000675191.1,OmpA family protein,VC_RS16540,,596382,596996,-,NC_002506.1,0,0,0
619,WP_000034756.1,FKBP-type peptidyl-prolyl cis-trans isomerase,VC_RS16545,,597218,597691,+,NC_002506.1,0,0,0
620,WP_000183228.1,beta-phosphoglucomutase family hydrolase,VC_RS16550,,597772,598410,-,NC_002506.1,0,0,0
621,WP_001026132.1,methyl-accepting chemotaxis protein,VC_RS16555,,598557,600320,+,NC_002506.1,0,0,0
622,WP_000891426.1,anaerobic C4-dicarboxylate transporter DcuC,VC_RS16560,dcuC,600726,602093,+,NC_002506.1,0,0,0
623,WP_000948685.1,L-serine ammonia-lyase,VC_RS16565,,602191,603561,-,NC_002506.1,0,0,0
624,WP_001882525.1,sodium:solute symporter,VC_RS16570,,603572,605113,-,NC_002506.1,0,0,0
625,WP_000208548.1,MFS transporter,VC_RS16575,,605452,606747,+,NC_002506.1,0,0,0
626,WP_000170557.1,nuclear transport factor 2 family protein,VC_RS16580,,606844,607860,+,NC_002506.1,0,0,0
627,WP_000555352.1,LacI family DNA-binding transcriptional regulator,VC_RS16585,,608121,609131,+,NC_002506.1,0,0,0
629,WP_001882531.1,nitrate/nitrite two-component system sensor histidine kinase NarQ,VC_RS16595,narQ,609797,611548,-,NC_002506.1,0,0,0
630,WP_000228048.1,ferredoxin-type protein NapF,VC_RS16600,napF,611718,612212,+,NC_002506.1,0,0,0
631,WP_000082209.1,chaperone NapD,VC_RS16605,,612239,612559,+,NC_002506.1,0,0,0
632,WP_000784576.1,periplasmic nitrate reductase subunit alpha,VC_RS16610,napA,612556,615045,+,NC_002506.1,0,0,0
633,WP_000744358.1,nitrate reductase cytochrome c-type subunit,VC_RS16615,,615112,615567,+,NC_002506.1,0,0,0
634,WP_000670286.1,NapC/NirT family cytochrome c,VC_RS16620,,615585,616160,+,NC_002506.1,0,0,0
635,WP_000105479.1,TIGR02808 family protein,VC_RS16625,,616172,616300,+,NC_002506.1,0,0,0
636,WP_000843937.1,HD-GYP domain-containing protein,VC_RS16630,,616344,617612,-,NC_002506.1,0,0,0
637,WP_000628135.1,response regulator transcription factor,VC_RS16635,,617798,618424,+,NC_002506.1,0,0,0
638,WP_001096187.1,signal transduction histidine-protein kinase/phosphatase UhpB,VC_RS16640,uhpB,618427,620010,+,NC_002506.1,0,0,0
639,WP_000706885.1,MFS transporter,VC_RS16645,,620078,621388,+,NC_002506.1,0,0,0
640,WP_000636730.1,ABC transporter substrate-binding protein,VC_RS16650,,621501,622535,+,NC_002506.1,0,0,0
641,WP_000545079.1,iron ABC transporter permease,VC_RS16655,,622645,624741,+,NC_002506.1,0,0,0
642,WP_000414891.1,ferric ABC transporter ATP-binding protein,VC_RS16660,fbpC,624753,625808,+,NC_002506.1,0,0,0
643,WP_000486234.1,class I poly(R)-hydroxyalkanoic acid synthase,VC_RS16665,,625894,627669,-,NC_002506.1,0,0,0
644,WP_000287820.1,phasin family protein,VC_RS16670,,627727,628074,-,NC_002506.1,0,0,0
645,WP_000412014.1,acetyl-CoA C-acetyltransferase,VC_RS16675,,628104,629309,-,NC_002506.1,0,0,0
646,WP_001225698.1,SDR family oxidoreductase,VC_RS16680,,629322,630062,-,NC_002506.1,0,0,0
648,WP_000730740.1,protein translocase subunit SecD,VC_RS16690,secD,631637,633475,-,NC_002506.1,0,0,0
649,WP_000281334.1,hypothetical protein,VC_RS16695,,633547,634002,-,NC_002506.1,0,0,0
650,WP_000927907.1,SH3 domain-containing protein,VC_RS16700,,634079,634735,-,NC_002506.1,0,0,0
651,WP_000288675.1,sensor domain-containing diguanylate cyclase,VC_RS16705,,635153,637036,+,NC_002506.1,0,0,0
652,WP_001154339.1,glucose-1-phosphate adenylyltransferase,VC_RS16710,glgC,637339,638562,+,NC_002506.1,0,0,0
653,WP_001264252.1,glycosyl hydrolase family 18 protein,VC_RS16715,,638828,641983,-,NC_002506.1,0,0,0
654,WP_001160754.1,iron-containing alcohol dehydrogenase,VC_RS16720,,642655,643803,+,NC_002506.1,0,0,0
655,WP_001912281.1,lysoplasmalogenase,VC_RS16725,,643954,644571,+,NC_002506.1,0,0,0
656,WP_000843516.1,sigma-54 dependent transcriptional regulator,VC_RS16730,,644568,645830,-,NC_002506.1,0,0,0
657,WP_000060357.1,ATP-binding protein,VC_RS16735,,645805,648174,-,NC_002506.1,0,0,0
658,WP_001138403.1,ABC transporter substrate-binding protein,VC_RS16740,,648171,649463,-,NC_002506.1,0,0,0
659,WP_000931484.1,MFS transporter,VC_RS16745,,649740,651119,+,NC_002506.1,0,0,0
660,WP_000335361.1,pyruvate kinase,VC_RS16750,pyk,651241,652701,+,NC_002506.1,0,0,0
661,WP_001234221.1,TMAO reductase system sensor histidine kinase/response regulator TorS,VC_RS16755,torS,652820,655774,-,NC_002506.1,0,0,0
662,WP_001133204.1,TMAO reductase system periplasmic protein TorT,VC_RS16760,torT,655862,656854,+,NC_002506.1,0,0,0
663,WP_000754102.1,methylglyoxal synthase,VC_RS16765,,656909,657364,+,NC_002506.1,0,0,0
664,WP_000030361.1,bifunctional nicotinamidase/pyrazinamidase,VC_RS16770,pncA,657433,658053,-,NC_002506.1,0,0,0
665,WP_000682922.1,diacylglycerol kinase,VC_RS16775,,658358,658714,+,NC_002506.1,0,0,0
666,WP_000054773.1,PepSY domain-containing protein,VC_RS16780,,658887,659171,+,NC_002506.1,0,0,0
667,WP_001118400.1,cytochrome b/b6 domain-containing protein,VC_RS16785,,659164,659700,+,NC_002506.1,0,0,0
668,WP_001917927.1,DNA helicase IV,VC_RS16790,helD,659756,661819,-,NC_002506.1,0,0,0
669,WP_001124242.1,YccS family putative transporter,VC_RS16795,yccS,662018,664183,+,NC_002506.1,0,0,0
670,WP_001271642.1,ATP-binding protein,VC_RS16800,,664193,665140,-,NC_002506.1,0,0,0
671,WP_001161566.1,heme NO-binding domain-containing protein,VC_RS16805,,665137,665682,-,NC_002506.1,0,0,0
672,WP_001068418.1,hypothetical protein,VC_RS18695,,665990,666151,+,NC_002506.1,0,0,0
673,WP_001882563.1,hypothetical protein,VC_RS16810,,666208,666498,+,NC_002506.1,0,0,0
674,WP_001125116.1,hydroxymethylglutaryl-CoA reductase,VC_RS16815,,666585,667838,+,NC_002506.1,0,0,0
675,WP_000005533.1,molybdenum ABC transporter ATP-binding protein ModC,VC_RS16820,modC,667937,669037,-,NC_002506.1,0,0,0
676,WP_000524441.1,molybdate ABC transporter permease subunit,VC_RS16825,modB,669051,669746,-,NC_002506.1,0,0,0
677,WP_000957824.1,molybdate ABC transporter substrate-binding protein,VC_RS16830,modA,669750,670508,-,NC_002506.1,0,0,0
678,WP_000759052.1,cobyric acid synthase,VC_RS16835,,670520,671974,-,NC_002506.1,0,0,0
679,WP_000527687.1,AAA family ATPase,VC_RS16840,,672577,674748,-,NC_002506.1,0,0,0
680,WP_001882571.1,hypothetical protein,VC_RS16845,,674741,675364,-,NC_002506.1,0,0,0
681,WP_000561711.1,SIR2 family protein,VC_RS16850,,675367,677196,-,NC_002506.1,0,1,0
682,WP_001181134.1,hypothetical protein,VC_RS16855,,677895,678200,-,NC_002506.1,0,0,0
683,WP_000831416.1,YgiW/YdeI family stress tolerance OB fold protein,VC_RS16860,,678403,678801,+,NC_002506.1,0,0,0
684,WP_000914961.1,hypothetical protein,VC_RS16865,,679053,679571,+,NC_002506.1,0,0,0
685,WP_000268204.1,flagellar brake protein,VC_RS16870,,679815,680480,+,NC_002506.1,0,0,0
686,WP_001026306.1,ATP-binding protein,VC_RS16875,,680472,683045,-,NC_002506.1,0,0,0
687,WP_000823678.1,autoinducer 2-binding periplasmic protein LuxP,VC_RS16880,,683063,684157,-,NC_002506.1,0,0,0
688,WP_001025860.1,conjugal transfer protein TraF,VC_RS16885,traF,684369,685529,-,NC_002506.1,0,0,0
689,WP_000429067.1,GIY-YIG nuclease family protein,VC_RS16890,,685631,685936,-,NC_002506.1,0,0,0
690,WP_001025631.1,YceH family protein,VC_RS16895,,685953,686603,-,NC_002506.1,0,0,0
692,WP_001089529.1,DUF496 family protein,VC_RS16905,,687029,687349,+,NC_002506.1,0,0,0
693,WP_001882582.1,YgjV family protein,VC_RS16910,,687762,688013,+,NC_002506.1,0,0,0
694,WP_000139398.1,glycerol kinase GlpK,VC_RS16915,glpK,688094,689611,-,NC_002506.1,0,0,0
696,WP_000128118.1,anaerobic glycerol-3-phosphate dehydrogenase subunit A,VC_RS16925,glpA,691251,692894,+,NC_002506.1,0,0,0
697,WP_000972312.1,glycerol-3-phosphate dehydrogenase subunit GlpB,VC_RS16930,glpB,692891,694201,+,NC_002506.1,0,0,0
698,WP_001014995.1,anaerobic glycerol-3-phosphate dehydrogenase subunit GlpC,VC_RS16935,glpC,694198,695439,+,NC_002506.1,0,0,0
699,WP_000189735.1,ketoacyl-ACP synthase III,VC_RS16940,,695581,696669,-,NC_002506.1,0,0,0
700,WP_000102967.1,thioredoxin TrxC,VC_RS16945,trxC,696838,697272,+,NC_002506.1,0,0,0
701,WP_000402446.1,MFS transporter,VC_RS16950,,697461,698615,+,NC_002506.1,0,0,0
702,WP_000803303.1,lipase,VC_RS16955,,698742,699530,+,NC_002506.1,0,1,0
703,WP_000109225.1,lactoylglutathione lyase family protein,VC_RS16970,,699965,700465,-,NC_002506.1,0,0,0
704,WP_000933929.1,LysR family transcriptional regulator,VC_RS16975,,700640,701545,+,NC_002506.1,0,0,0
705,WP_000662924.1,arginine ABC transporter permease ArtM,VC_RS16980,artM,701598,702266,-,NC_002506.1,0,0,0
706,WP_000244571.1,arginine ABC transporter permease ArtQ,VC_RS16985,artQ,702263,702952,-,NC_002506.1,0,0,0
707,WP_000722143.1,arginine ABC transporter substrate-binding protein,VC_RS16990,,702954,703685,-,NC_002506.1,0,0,0
708,WP_001200519.1,arginine ABC transporter ATP-binding protein ArtP,VC_RS16995,artP,703759,704502,-,NC_002506.1,0,0,0
709,WP_000899954.1,ATPase RavA stimulator ViaA,VC_RS17005,viaA,705080,706525,-,NC_002506.1,0,0,0
710,WP_000941295.1,DUF3763 domain-containing protein,VC_RS17010,,706534,708192,-,NC_002506.1,0,0,0
711,WP_000034744.1,NUDIX hydrolase,VC_RS17015,,708544,709059,+,NC_002506.1,0,0,0
712,WP_000347561.1,low-specificity L-threonine aldolase,VC_RS17020,ltaE,709068,710075,+,NC_002506.1,0,0,0
713,WP_001266838.1,cytochrome c,VC_RS17025,,710204,710512,+,NC_002506.1,0,0,0
714,WP_000570597.1,TetR/AcrR family transcriptional regulator,VC_RS17030,,710616,711350,+,NC_002506.1,0,0,0
715,WP_001292936.1,DEAD/DEAH box helicase,VC_RS17035,,711450,712718,-,NC_002506.1,0,0,0
716,WP_001009839.1,ACP phosphodiesterase,VC_RS17040,,712755,713336,-,NC_002506.1,0,0,0
717,WP_000194442.1,aromatic amino acid transporter,VC_RS17045,,713856,715058,+,NC_002506.1,0,0,0
718,WP_001209484.1,methyl-accepting chemotaxis protein,VC_RS17050,,715286,716707,+,NC_002506.1,0,0,0
719,WP_000866948.1,UDP-glucose 4-epimerase GalE,VC_RS17055,galE,716793,717809,-,NC_002506.1,0,0,0
720,WP_001882609.1,5-oxoprolinase subunit PxpA,VC_RS17060,,718129,718869,+,NC_002506.1,0,0,0
721,WP_000028726.1,allophanate hydrolase subunit 1,VC_RS17065,,718873,719583,+,NC_002506.1,0,0,0
722,WP_000900842.1,biotin-dependent carboxyltransferase family protein,VC_RS17070,,719693,720622,+,NC_002506.1,0,0,0
723,WP_000175437.1,FAD-dependent oxidoreductase,VC_RS17075,,720674,722107,-,NC_002506.1,0,0,0
724,WP_000684076.1,nucleotide sugar dehydrogenase,VC_RS17080,,722216,723382,-,NC_002506.1,0,0,0
725,WP_000645916.1,ABC transporter permease,VC_RS17085,,723771,726218,-,NC_002506.1,0,0,0
726,WP_001194969.1,ABC transporter ATP-binding protein,VC_RS17090,,726215,726892,-,NC_002506.1,0,0,0
727,WP_000197503.1,multifunctional acyl-CoA thioesterase I/protease I/lysophospholipase L1,VC_RS17095,tesA,726891,727490,+,NC_002506.1,0,0,0
728,WP_000547707.1,trans-2-enoyl-CoA reductase family protein,VC_RS17100,,727580,728788,+,NC_002506.1,0,0,0
729,WP_000035288.1,GGDEF and EAL domain-containing protein,VC_RS17105,,728957,730840,+,NC_002506.1,0,0,0
730,WP_000375433.1,ABC-ATPase domain-containing protein,VC_RS17110,,730966,732615,+,NC_002506.1,0,0,0
731,WP_001284008.1,DnaJ domain-containing protein,VC_RS17115,,732773,733402,-,NC_002506.1,0,0,0
732,WP_001131372.1,DUF2238 domain-containing protein,VC_RS17120,,733638,734225,+,NC_002506.1,0,0,0
733,WP_000149603.1,hypothetical protein,VC_RS17125,,734399,735778,+,NC_002506.1,0,0,0
734,WP_086010879.1,IS3 family transposase,VC_RS17130,,735771,736690,-,NC_002506.1,0,0,0
735,WP_001034334.1,Rha family transcriptional regulator,VC_RS17135,,737061,737543,+,NC_002506.1,0,0,0
736,WP_000595765.1,hypothetical protein,VC_RS17140,,737544,737837,+,NC_002506.1,0,0,0
737,WP_001917946.1,recombinase family protein,VC_RS17145,,738160,739008,+,NC_002506.1,0,0,0
738,WP_001065259.1,transcription initiation factor TFIIIB,VC_RS17150,,739246,739467,+,NC_002506.1,0,0,0
739,WP_000140419.1,HAD family hydrolase,VC_RS17155,,739663,740343,-,NC_002506.1,0,0,0
740,WP_000640597.1,hypothetical protein,VC_RS17160,,740482,740988,-,NC_002506.1,0,0,0
741,WP_000935051.1,CreA family protein,VC_RS17165,,741310,741792,+,NC_002506.1,0,0,0
742,WP_000671603.1,inosine/guanosine kinase,VC_RS17170,,741911,743215,+,NC_002506.1,0,0,0
743,WP_001037543.1,LTA synthase family protein,VC_RS17175,,743300,745264,-,NC_002506.1,0,0,0
744,WP_001233647.1,GlyGly-anchored extracellular serine protease VesA,VC_RS17180,vesA,745355,746347,-,NC_002506.1,0,0,0
745,WP_001154252.1,DEAD/DEAH box helicase,VC_RS17185,,746491,748422,-,NC_002506.1,0,0,0
746,WP_000484954.1,exoribonuclease II,VC_RS17190,rnb,748796,750832,+,NC_002506.1,0,0,0
747,WP_000636799.1,DUF3024 domain-containing protein,VC_RS17195,,750927,751280,-,NC_002506.1,0,0,0
748,WP_000620565.1,phosphate ABC transporter substrate-binding protein PstS family protein,VC_RS17200,,751488,752324,+,NC_002506.1,0,0,0
749,WP_001261563.1,MaoC family dehydratase,VC_RS17205,,752470,753141,-,NC_002506.1,0,0,0
750,WP_001270801.1,cryptochrome/photolyase family protein,VC_RS17210,,753436,754986,-,NC_002506.1,0,0,0
751,WP_000744635.1,N-acetylglucosamine-binding protein GbpA,VC_RS17215,gbpA,755480,756937,+,NC_002506.1,0,0,0
752,WP_000837091.1,serine protease,VC_RS17220,,757268,758695,+,NC_002506.1,0,0,0
753,WP_001037204.1,M28 family metallopeptidase,VC_RS17225,,758730,760235,+,NC_002506.1,0,0,0
754,WP_000998707.1,agmatinase,VC_RS17230,speB,760423,761352,-,NC_002506.1,0,0,0
755,WP_001917949.1,arginine decarboxylase,VC_RS17235,speA,761353,763263,-,NC_002506.1,0,0,0
756,WP_000456055.1,mechanosensitive ion channel,VC_RS17240,,763710,764270,+,NC_002506.1,0,0,0
757,WP_010895483.1,magnesium transporter,VC_RS17245,,764273,765637,+,NC_002506.1,0,0,0
758,WP_001026270.1,co-chaperone GroES,VC_RS17250,,765822,766112,+,NC_002506.1,0,0,0
759,WP_001882637.1,chaperonin GroEL,VC_RS17255,groL,766141,767733,+,NC_002506.1,0,0,0
760,WP_000163959.1,hypothetical protein,VC_RS17260,,767766,767972,+,NC_002506.1,0,0,0
761,WP_000122727.1,aspartate kinase,VC_RS17265,,768053,769474,-,NC_002506.1,0,0,0
762,WP_000637098.1,ectoine synthase,VC_RS17270,,769474,769890,-,NC_002506.1,0,0,0
763,WP_010895484.1,diaminobutyrate--2-oxoglutarate transaminase,VC_RS17275,ectB,769955,771190,-,NC_002506.1,0,0,0
764,WP_000640101.1,diaminobutyrate acetyltransferase,VC_RS17280,ectA,771214,771735,-,NC_002506.1,0,0,0
765,WP_000883446.1,4a-hydroxytetrahydrobiopterin dehydratase,VC_RS17285,,772435,772764,-,NC_002506.1,0,0,0
766,WP_000195733.1,phenylalanine 4-monooxygenase,VC_RS17290,phhA,772754,773548,-,NC_002506.1,0,0,0
768,WP_000384531.1,LysR family transcriptional regulator,VC_RS17300,,775891,776808,+,NC_002506.1,0,0,0
769,WP_001882642.1,hypothetical protein,VC_RS17305,,776810,777004,+,NC_002506.1,0,0,0
770,WP_000929762.1,methyltransferase domain-containing protein,VC_RS17310,,777308,777886,-,NC_002506.1,0,0,0
771,WP_001054352.1,LysR family transcriptional regulator,VC_RS17315,,778082,778960,+,NC_002506.1,0,0,0
772,WP_000337242.1,cation diffusion facilitator family transporter,VC_RS17320,,779154,780050,+,NC_002506.1,0,0,0
773,WP_000813131.1,aromatic amino acid DMT transporter YddG,VC_RS17325,yddG,780082,781029,-,NC_002506.1,0,0,0
774,WP_001292091.1,sugar O-acetyltransferase,VC_RS17330,,781106,781678,-,NC_002506.1,0,0,0
775,WP_000007485.1,hemolysin family protein,VC_RS17335,,781822,783135,-,NC_002506.1,0,0,0
776,WP_001148883.1,OsmC family protein,VC_RS17340,,783290,783694,-,NC_002506.1,0,0,0
777,WP_000624159.1,cytidine/deoxycytidylate deaminase family protein,VC_RS17345,,784587,785072,+,NC_002506.1,0,0,0
778,WP_000074419.1,glyceraldehyde-3-phosphate dehydrogenase,VC_RS17350,,785821,787257,+,NC_002506.1,0,0,0
779,WP_001079005.1,hypothetical protein,VC_RS17355,,787558,787782,+,NC_002506.1,0,0,0
780,WP_000176953.1,LysE family translocator,VC_RS17360,,787831,788445,-,NC_002506.1,0,0,0
781,WP_001911675.1,L-methionine/branched-chain amino acid transporter,VC_RS17365,yjeH,788631,789875,+,NC_002506.1,0,0,0
782,WP_000998604.1,GGDEF domain-containing protein,VC_RS17370,,789918,790898,-,NC_002506.1,0,0,0
783,WP_001191814.1,retention module-containing protein,VC_RS17375,,791029,800820,-,NC_002506.1,0,0,0
784,WP_000981879.1,LytTR family DNA-binding domain-containing protein,VC_RS17380,,801121,801906,-,NC_002506.1,0,0,0
785,WP_000970562.1,sensor histidine kinase,VC_RS17385,,802066,803145,-,NC_002506.1,0,0,0
786,WP_001203200.1,hypothetical protein,VC_RS17390,,803146,804390,-,NC_002506.1,0,0,0
787,WP_000475395.1,outer membrane lipoprotein-sorting protein,VC_RS17395,,804395,805138,-,NC_002506.1,0,0,0
788,WP_000517213.1,ABC transporter permease,VC_RS17400,,805131,806390,-,NC_002506.1,0,0,0
789,WP_000902218.1,ABC transporter ATP-binding protein,VC_RS17405,,806378,807061,-,NC_002506.1,0,0,0
790,WP_000702730.1,hypothetical protein,VC_RS17410,,807070,807741,-,NC_002506.1,0,0,0
791,WP_001187219.1,aldo/keto reductase family oxidoreductase,VC_RS17415,,808054,808977,-,NC_002506.1,0,0,0
792,WP_000772619.1,alpha-amylase,VC_RS17420,,809269,811341,+,NC_002506.1,0,0,0
793,WP_000729211.1,hypothetical protein,VC_RS17425,,811331,811516,+,NC_002506.1,0,0,0
794,WP_000966057.1,outer membrane protein transport protein,VC_RS17430,,811876,813114,+,NC_002506.1,0,0,0
795,WP_000815658.1,lysophospholipase VolA,VC_RS17435,,813130,815520,+,NC_002506.1,0,0,0
796,WP_000478324.1,PAS domain-containing methyl-accepting chemotaxis protein,VC_RS17440,,815998,817278,+,NC_002506.1,0,0,0
797,WP_000782181.1,hemagglutinin/proteinase HapA,VC_RS17445,hapA,817359,819188,-,NC_002506.1,0,0,0
798,WP_001917968.1,hypothetical protein,VC_RS17450,,819204,819413,+,NC_002506.1,0,0,0
799,WP_000814590.1,outer membrane protein OmpW,VC_RS17455,ompW,819609,820262,-,NC_002506.1,0,0,0
800,WP_000380449.1,hypothetical protein,VC_RS17460,,820503,820685,+,NC_002506.1,0,0,0
801,WP_000689270.1,D-alanyl-D-alanine endopeptidase,VC_RS17465,pbpG,821216,822166,+,NC_002506.1,0,0,0
802,WP_000749571.1,PLP-dependent aminotransferase family protein,VC_RS17470,,822404,823822,+,NC_002506.1,0,0,0
803,WP_000568068.1,cytochrome ubiquinol oxidase subunit I,VC_RS17475,,823963,825543,+,NC_002506.1,0,0,0
804,WP_000464440.1,cytochrome d ubiquinol oxidase subunit II,VC_RS17480,cydB,825556,826692,+,NC_002506.1,0,0,0
805,WP_071908327.1,cytochrome bd-I oxidase subunit CydX,VC_RS17485,cydX,826703,826804,+,NC_002506.1,0,0,0
806,WP_000792246.1,hypothetical protein,VC_RS17490,,827514,827717,+,NC_002506.1,0,0,0
807,WP_001885353.1,D-serine ammonia-lyase,VC_RS17495,,827934,829259,-,NC_002506.1,0,0,0
808,WP_000288116.1,DNA-binding transcriptional regulator DsdC,VC_RS17500,dsdC,829467,830411,+,NC_002506.1,0,0,0
809,WP_000782346.1,linear amide C-N hydrolase,VC_RS17505,,830711,831787,+,NC_002506.1,0,0,0
810,WP_000627863.1,integrase,VC_RS17510,,831895,832056,+,NC_002506.1,0,0,0
811,WP_000717843.1,hypothetical protein,VC_RS17515,,832685,833065,+,NC_002506.1,0,0,0
812,WP_000754946.1,hypothetical protein,VC_RS17520,,833090,833485,+,NC_002506.1,0,0,0
813,WP_001001833.1,hypothetical protein,VC_RS17525,,833671,834561,+,NC_002506.1,0,1,0
814,WP_000082911.1,HBL/NHE enterotoxin family protein,VC_RS17530,,834574,835683,+,NC_002506.1,0,1,0
815,WP_001076381.1,hypothetical protein,VC_RS17535,,835734,836795,+,NC_002506.1,0,1,0
816,WP_001882702.1,IS3 family transposase,VC_RS17540,,837447,837542,+,NC_002506.1,0,0,0
817,WP_000692622.1,L-threonine 3-dehydrogenase,VC_RS17545,tdh,837892,838923,-,NC_002506.1,0,0,0
818,WP_000092856.1,glycine C-acetyltransferase,VC_RS17550,,838926,840119,-,NC_002506.1,0,0,0
820,WP_001111918.1,autoinducer binding domain-containing protein,VC_RS17560,,841318,842037,+,NC_002506.1,0,0,0
821,WP_000926300.1,LysR family transcriptional regulator,VC_RS17565,,842137,843075,+,NC_002506.1,0,0,0
822,WP_000919370.1,VOC family protein,VC_RS17570,,843069,843452,+,NC_002506.1,0,0,0
823,WP_000109023.1,PepSY domain-containing protein,VC_RS17575,,843530,844942,-,NC_002506.1,0,0,0
824,WP_001069524.1,hypothetical protein,VC_RS17580,,845054,845401,-,NC_002506.1,0,0,0
825,WP_000751797.1,cytochrome b562,VC_RS17585,,845558,845941,-,NC_002506.1,0,0,0
826,WP_000762048.1,phosphatase,VC_RS17590,,846018,846764,-,NC_002506.1,0,0,0
827,WP_000747371.1,metal-dependent phosphohydrolase,VC_RS17595,,846989,849877,+,NC_002506.1,0,0,0
828,WP_000236508.1,glucose-6-phosphate dehydrogenase,VC_RS17600,zwf,850224,851726,+,NC_002506.1,0,0,0
829,WP_000607048.1,6-phosphogluconolactonase,VC_RS17605,pgl,851723,852439,+,NC_002506.1,0,0,0
830,WP_000675469.1,decarboxylating NADP(+)-dependent phosphogluconate dehydrogenase,VC_RS17610,gnd,852453,853901,+,NC_002506.1,0,0,0
831,WP_000154542.1,hypothetical protein,VC_RS18700,,854057,854194,+,NC_002506.1,0,0,0
832,WP_001094875.1,MBL fold metallo-hydrolase,VC_RS17615,,854513,855376,+,NC_002506.1,0,0,0
833,WP_000334694.1,DsbA family protein,VC_RS17620,,855400,855999,+,NC_002506.1,0,0,0
834,WP_000922269.1,DUF6279 family lipoprotein,VC_RS17625,,856032,856868,-,NC_002506.1,0,0,0
835,WP_000869512.1,glycerate kinase,VC_RS17630,,857004,858137,-,NC_002506.1,0,0,0
836,WP_000052704.1,GntP family permease,VC_RS17635,,858156,859508,-,NC_002506.1,0,0,0
837,WP_000599609.1,helix-turn-helix domain-containing protein,VC_RS17640,,859667,860806,-,NC_002506.1,0,0,0
838,WP_000700947.1,methyl-accepting chemotaxis protein,VC_RS17645,,860947,862683,-,NC_002506.1,0,0,0
839,WP_000372763.1,heme utilization protein HutZ,VC_RS17650,hutZ,862985,863515,-,NC_002506.1,0,0,0
840,WP_000445093.1,heme utilization cystosolic carrier protein HutX,VC_RS17655,hutX,863540,864043,-,NC_002506.1,0,0,0
841,WP_000905972.1,heme anaerobic degradation radical SAM methyltransferase ChuW/HutW,VC_RS17660,hutW,864067,865428,-,NC_002506.1,0,0,0
842,WP_001052693.1,energy transducer TonB,VC_RS17665,,865706,866440,+,NC_002506.1,0,0,0
843,WP_000445085.1,MotA/TolQ/ExbB proton channel family protein,VC_RS17670,,866440,867126,+,NC_002506.1,0,0,0
844,WP_000597688.1,biopolymer transporter ExbD,VC_RS17675,,867123,867539,+,NC_002506.1,0,0,0
845,WP_000705468.1,hemin ABC transporter substrate-binding protein,VC_RS17680,,867550,868383,+,NC_002506.1,0,0,0
846,WP_001882731.1,iron ABC transporter permease,VC_RS17685,,868395,869426,+,NC_002506.1,0,0,0
847,WP_010895486.1,heme ABC transporter ATP-binding protein,VC_RS17690,,869458,870204,+,NC_002506.1,0,0,0
848,WP_001126285.1,TetR family transcriptional regulator,VC_RS17695,,870338,870799,-,NC_002506.1,0,0,0
849,WP_000070927.1,YfcZ/YiiS family protein,VC_RS17700,,871322,871624,+,NC_002506.1,0,0,0
850,WP_000979561.1,hypothetical protein,VC_RS17705,,871827,872426,+,NC_002506.1,0,0,0
851,WP_000204883.1,1-acyl-sn-glycerol-3-phosphate acyltransferase,VC_RS17710,,872487,873593,-,NC_002506.1,0,0,0
852,WP_001104920.1,hypothetical protein,VC_RS17715,,873771,874379,+,NC_002506.1,0,0,0
853,WP_000672477.1,methyl-accepting chemotaxis protein Mlp37,VC_RS17720,mlp37,874526,876400,+,NC_002506.1,0,0,0
854,WP_000094396.1,hybrid-cluster NAD(P)-dependent oxidoreductase,VC_RS17725,,876463,878280,-,NC_002506.1,0,0,0
855,WP_000210005.1,dihydroorotase,VC_RS17730,pyrC,878843,879871,+,NC_002506.1,0,0,0
856,WP_000928649.1,AraC family transcriptional regulator,VC_RS17735,,879934,880977,-,NC_002506.1,0,0,0
857,WP_000188214.1,DUF805 domain-containing protein,VC_RS17740,,881142,881492,+,NC_002506.1,0,0,0
858,WP_001259659.1,hypothetical protein,VC_RS17745,,881489,881998,+,NC_002506.1,0,0,0
859,WP_001149813.1,23S rRNA (uracil(747)-C(5))-methyltransferase RlmC,VC_RS17750,rlmC,882048,883175,-,NC_002506.1,0,0,0
860,WP_000896539.1,DUF808 domain-containing protein,VC_RS17755,,883289,884224,-,NC_002506.1,0,0,0
861,WP_000109472.1,3'3'-cGAMP-specific phosphodiesterase,VC_RS17760,,884337,885719,-,NC_002506.1,0,0,0
862,WP_000105005.1,cold-shock protein,VC_RS17765,,886068,886280,+,NC_002506.1,0,1,0
863,WP_000024171.1,hypothetical protein,VC_RS17770,,886934,887206,+,NC_002506.1,0,0,0
864,WP_001276704.1,M14 family metallocarboxypeptidase,VC_RS17775,,887421,888356,+,NC_002506.1,0,0,0
865,WP_000747481.1,helix-turn-helix transcriptional regulator,VC_RS17780,,888345,889136,-,NC_002506.1,0,0,0
867,WP_000571595.1,GGDEF domain-containing protein,VC_RS17790,,890292,891218,+,NC_002506.1,0,0,0
868,WP_000648859.1,DeoR/GlpR family transcriptional regulator,VC_RS17795,,891370,892131,+,NC_002506.1,0,0,0
869,WP_000094384.1,acyl-CoA thioesterase,VC_RS17800,,892283,892771,+,NC_002506.1,0,0,0
870,WP_001018760.1,hypothetical protein,VC_RS17805,,892882,893133,+,NC_002506.1,0,0,0
871,WP_001252027.1,maltose ABC transporter permease MalG,VC_RS17810,malG,893457,894347,-,NC_002506.1,0,0,0
872,WP_010895488.1,maltose ABC transporter permease MalF,VC_RS17815,malF,894359,895933,-,NC_002506.1,0,0,0
873,WP_000786217.1,maltose/maltodextrin ABC transporter substrate-binding protein MalE,VC_RS17820,malE,896008,897189,-,NC_002506.1,0,0,0
874,WP_000179238.1,maltose/maltodextrin ABC transporter ATP-binding protein MalK,VC_RS17825,malK,897862,898983,+,NC_002506.1,0,0,0
875,WP_001088091.1,spermidine N1-acetyltransferase,VC_RS17830,speG,899206,899727,+,NC_002506.1,0,0,0
876,WP_000253074.1,Rho-binding antiterminator,VC_RS17835,,899732,899977,+,NC_002506.1,0,0,0
877,WP_001162317.1,2OG-Fe(II) oxygenase,VC_RS17840,,900115,900723,-,NC_002506.1,0,0,0
878,WP_000637494.1,heavy metal-binding domain-containing protein,VC_RS17845,,900939,901259,+,NC_002506.1,0,0,0
879,WP_000651013.1,LuxR family transcriptional regulator VpsT,VC_RS17850,vpsT,901426,902100,-,NC_002506.1,0,0,0
880,WP_000124506.1,peptidylprolyl isomerase PpiC,VC_RS17855,,902678,902956,-,NC_002506.1,0,0,0
881,WP_001151687.1,chemotaxis protein,VC_RS17860,,903131,904051,+,NC_002506.1,0,0,0
882,WP_000378739.1,MarR family transcriptional regulator,VC_RS17865,,904127,904651,-,NC_002506.1,0,0,0
883,WP_000206009.1,GGDEF domain-containing protein,VC_RS17870,,904823,905839,+,NC_002506.1,0,0,0
884,WP_001056770.1,malate synthase,VC_RS17875,,905958,906536,-,NC_002506.1,0,0,0
885,WP_000389855.1,DUF3612 domain-containing protein,VC_RS17880,,906769,908202,+,NC_002506.1,0,0,0
886,WP_000524734.1,sensor domain-containing diguanylate cyclase,VC_RS17885,,908482,909855,-,NC_002506.1,0,0,0
887,WP_000976220.1,alpha-ketoglutarate-dependent dioxygenase AlkB,VC_RS17890,,910197,910805,+,NC_002506.1,0,0,0
888,WP_000981402.1,DUF3541 domain-containing protein,VC_RS17895,,911092,912300,+,NC_002506.1,0,0,0
889,WP_001132828.1,DMT family transporter,VC_RS17900,,912325,913248,-,NC_002506.1,0,0,0
890,WP_001228191.1,LysR substrate-binding domain-containing protein,VC_RS17905,,913349,914254,+,NC_002506.1,0,0,0
891,WP_000376707.1,diguanylate cyclase,VC_RS17910,,914421,915596,+,NC_002506.1,0,0,0
892,WP_000508772.1,hypothetical protein,VC_RS17915,,915599,915895,-,NC_002506.1,0,0,0
893,WP_000159137.1,pirin family protein,VC_RS17920,,916070,916918,+,NC_002506.1,0,0,0
894,WP_000588948.1,pyrimidine/purine nucleoside phosphorylase,VC_RS17925,,917056,917343,-,NC_002506.1,0,0,0
895,WP_000032253.1,DUF2850 domain-containing protein,VC_RS17930,,917882,918322,+,NC_002506.1,0,0,0
896,WP_000520329.1,MFS transporter,VC_RS17935,,918331,919608,-,NC_002506.1,0,0,0
897,WP_001116764.1,methyl-accepting chemotaxis protein,VC_RS17940,,919898,921526,-,NC_002506.1,0,0,0
898,WP_001007386.1,ATP-binding protein,VC_RS17945,,921798,924158,-,NC_002506.1,0,0,0
899,WP_000422925.1,hypothetical protein,VC_RS17950,,924362,924856,+,NC_002506.1,0,0,0
900,WP_000074814.1,ABC transporter ATP-binding protein,VC_RS17955,,924885,926504,+,NC_002506.1,0,0,0
901,WP_000978021.1,transporter substrate-binding domain-containing protein,VC_RS17960,,926671,927402,-,NC_002506.1,0,0,0
902,WP_001895145.1,methyl-accepting chemotaxis protein,VC_RS17965,,927422,928306,-,NC_002506.1,0,0,0
903,WP_001882783.1,hypothetical protein,VC_RS17970,,928326,928970,-,NC_002506.1,0,0,0
904,WP_001215772.1,transporter substrate-binding domain-containing protein,VC_RS17975,,929101,929844,-,NC_002506.1,0,0,0
905,WP_001200834.1,LysR family transcriptional regulator,VC_RS17980,,929998,930897,-,NC_002506.1,0,0,0
906,WP_001897441.1,hypothetical protein,VC_RS17985,,930997,931143,-,NC_002506.1,0,0,0
907,WP_001006181.1,L-lactate permease,VC_RS17990,,931103,932797,+,NC_002506.1,0,0,0
908,WP_000587013.1,FMN-dependent L-lactate dehydrogenase LldD,VC_RS17995,lldD,932920,934056,+,NC_002506.1,0,0,0
909,WP_000188699.1,FAD-binding oxidoreductase,VC_RS18000,,934154,937033,+,NC_002506.1,0,0,0
910,WP_001177874.1,kinase/pyrophosphorylase,VC_RS18005,,937117,937950,-,NC_002506.1,0,0,0
911,WP_001171507.1,phosphoenolpyruvate synthase,VC_RS18010,ppsA,938124,940496,+,NC_002506.1,0,0,0
912,WP_001245617.1,methyl-accepting chemotaxis protein,VC_RS18015,,940679,942235,+,NC_002506.1,0,0,0
913,WP_001195072.1,MATE family efflux transporter,VC_RS18020,,942599,943927,+,NC_002506.1,0,0,0
914,WP_000010673.1,DEAD/DEAH box helicase,VC_RS18025,,944006,945226,-,NC_002506.1,0,0,0
915,WP_000357040.1,LysR family transcriptional regulator,VC_RS18030,,945384,946310,-,NC_002506.1,0,0,0
916,WP_000780938.1,glutaredoxin 2,VC_RS18035,grxB,946431,947087,+,NC_002506.1,0,0,0
917,WP_000088622.1,alkene reductase,VC_RS18040,,947097,948200,+,NC_002506.1,0,0,0
918,WP_001100629.1,arginine deiminase-related protein,VC_RS18045,,948321,949292,-,NC_002506.1,0,0,0
919,WP_000475345.1,multidrug efflux ABC transporter VcaM,VC_RS18050,vcaM,949658,951517,+,NC_002506.1,0,0,0
920,WP_001043275.1,hypothetical protein,VC_RS18055,,951669,952373,+,NC_002506.1,0,0,0
921,WP_000129732.1,alkene reductase,VC_RS18060,,952463,953506,-,NC_002506.1,0,0,0
922,WP_001261551.1,TetR/AcrR family transcriptional regulator,VC_RS18065,,953656,954231,+,NC_002506.1,0,0,0
923,WP_000568039.1,LysE family translocator,VC_RS18070,,954303,954932,-,NC_002506.1,0,0,0
924,WP_001283934.1,AraC family transcriptional regulator,VC_RS18075,,955136,955966,+,NC_002506.1,0,0,0
925,WP_001088307.1,AzlC family ABC transporter permease,VC_RS18080,,956118,956837,+,NC_002506.1,0,0,0
926,WP_000605630.1,AzlD domain-containing protein,VC_RS18085,,956834,957151,+,NC_002506.1,0,0,0
927,WP_000018313.1,fumarylacetoacetate hydrolase family protein,VC_RS18090,,957203,957817,-,NC_002506.1,0,0,0
928,WP_001139954.1,MarR family transcriptional regulator,VC_RS18095,,957933,958391,-,NC_002506.1,0,0,0
929,WP_000104651.1,organic hydroperoxide resistance protein,VC_RS18100,,958503,958925,+,NC_002506.1,0,0,0
930,WP_000708821.1,anion-selective porin,VC_RS18105,,959181,960176,+,NC_002506.1,0,0,0
931,WP_001901693.1,DMT family transporter,VC_RS18110,,960376,961233,+,NC_002506.1,0,0,0
932,WP_000211007.1,glutaredoxin,VC_RS18115,,961281,961898,+,NC_002506.1,0,0,0
933,WP_000073203.1,YjiG family protein,VC_RS18120,,962112,962579,-,NC_002506.1,0,0,0
934,WP_000083620.1,YjiH family protein,VC_RS18125,,962576,963307,-,NC_002506.1,0,0,0
935,WP_000147723.1,sodium:proton antiporter NhaD,VC_RS18130,,963699,965132,+,NC_002506.1,0,0,0
936,WP_001099817.1,hypothetical protein,VC_RS18135,,965198,965599,-,NC_002506.1,0,0,0
937,WP_000017896.1,methylated-DNA--[protein,VC_RS18140,,965610,966083,-,NC_002506.1,0,0,0
938,WP_000173612.1,DNA-3-methyladenine glycosylase 2 family protein,VC_RS18145,,966084,967442,-,NC_002506.1,0,0,0
939,WP_001094294.1,DoxX family protein,VC_RS18150,,967701,968144,+,NC_002506.1,0,0,0
940,WP_000382702.1,LysR family transcriptional regulator,VC_RS18155,,968221,969105,-,NC_002506.1,0,0,0
941,WP_001882815.1,DUF413 domain-containing protein,VC_RS18160,maoP,969256,969615,+,NC_002506.1,0,0,0
943,WP_000787144.1,DUF3081 domain-containing protein,VC_RS18170,,971811,972062,-,NC_002506.1,0,0,0
944,WP_001237050.1,glucosamine-6-phosphate deaminase,VC_RS18175,nagB,972427,973227,+,NC_002506.1,0,0,0
945,WP_001021273.1,sel1 repeat family protein,VC_RS18180,,973358,974515,-,NC_002506.1,0,0,0
946,WP_000244228.1,MalM family protein,VC_RS18185,,974668,975504,-,NC_002506.1,0,0,0
947,WP_000757932.1,maltoporin LamB,VC_RS18190,lamB,975709,976947,-,NC_002506.1,0,0,0
948,WP_000783456.1,glycogen debranching protein GlgX,VC_RS18195,glgX,977379,979349,+,NC_002506.1,0,0,0
949,WP_001068179.1,DUF2999 family protein,VC_RS18200,,979484,979735,+,NC_002506.1,0,0,0
951,WP_000262285.1,hypothetical protein,VC_RS18210,,981942,982349,-,NC_002506.1,0,0,0
952,WP_000182764.1,ABC transporter substrate-binding protein,VC_RS18215,,982617,983993,-,NC_002506.1,0,0,0
953,WP_000524462.1,methyl-accepting chemotaxis protein,VC_RS18220,,984002,985981,-,NC_002506.1,0,0,0
954,WP_001066591.1,DUF3297 family protein,VC_RS18225,,986185,986433,+,NC_002506.1,0,0,0
955,WP_164923317.1,3-deoxy-7-phosphoheptulonate synthase AroG,VC_RS18230,aroG,986424,987581,-,NC_002506.1,0,0,0
956,WP_001918017.1,amino acid ABC transporter ATP-binding protein,VC_RS18235,,987889,988602,+,NC_002506.1,0,0,0
957,WP_000595720.1,amino acid ABC transporter permease,VC_RS18240,,988602,989399,+,NC_002506.1,0,0,0
958,WP_001175798.1,transporter substrate-binding domain-containing protein,VC_RS18245,,989435,990271,+,NC_002506.1,0,0,0
959,WP_001067242.1,amino acid ABC transporter permease,VC_RS18250,,990272,991168,+,NC_002506.1,0,0,0
960,WP_001088336.1,phospho-sugar mutase,VC_RS18255,,991281,992984,+,NC_002506.1,0,0,0
961,WP_001882826.1,polymer-forming cytoskeletal protein,VC_RS18260,,993043,993444,-,NC_002506.1,0,0,0
962,WP_000664563.1,M23 family metallopeptidase,VC_RS18265,,993354,994298,-,NC_002506.1,0,0,0
963,WP_000625706.1,PTS mannitol transporter subunit IICBA,VC_RS18270,,994881,996830,+,NC_002506.1,0,0,0
964,WP_000739122.1,mannitol-1-phosphate 5-dehydrogenase,VC_RS18275,,996931,998085,+,NC_002506.1,0,0,0
965,WP_000818298.1,MltR family transcriptional regulator,VC_RS18280,,998185,998715,+,NC_002506.1,0,0,0
966,WP_000684891.1,Gfo/Idh/MocA family oxidoreductase,VC_RS18285,,998829,999764,+,NC_002506.1,0,0,0
967,WP_000779375.1,Vmh family MBL fold metallo-hydrolase,VC_RS18290,,999865,1000719,-,NC_002506.1,0,0,0
968,WP_000764034.1,hypothetical protein,VC_RS18295,,1000934,1001800,+,NC_002506.1,0,0,0
969,WP_000946562.1,YccF domain-containing protein,VC_RS18300,,1001797,1002228,-,NC_002506.1,0,0,0
970,WP_000456110.1,sulfite exporter TauE/SafE family protein,VC_RS18305,,1002304,1003026,-,NC_002506.1,0,0,0
971,WP_000093074.1,rhodanese-like domain-containing protein,VC_RS18310,,1003208,1003603,-,NC_002506.1,0,0,0
972,WP_000861284.1,NAD(P)-dependent oxidoreductase,VC_RS18315,,1003730,1004368,-,NC_002506.1,0,0,0
973,WP_000375525.1,LysR substrate-binding domain-containing protein,VC_RS18320,,1004501,1005391,+,NC_002506.1,0,0,0
974,WP_000684941.1,methyl-accepting chemotaxis protein,VC_RS18325,,1005434,1007746,-,NC_002506.1,0,0,0
975,WP_000839397.1,SDR family oxidoreductase,VC_RS18330,,1008136,1008855,-,NC_002506.1,0,0,0
976,WP_001176693.1,LysR family transcriptional regulator,VC_RS18335,,1009003,1009908,+,NC_002506.1,0,0,0
977,WP_001256106.1,tRNA (pseudouridine(54)-N(1))-methyltransferase TrmY,VC_RS18340,trmY,1010014,1010619,+,NC_002506.1,0,0,0
978,WP_001076646.1,"3,4-dihydroxy-2-butanone-4-phosphate synthase",VC_RS18345,ribB,1010684,1011340,-,NC_002506.1,0,0,0
979,WP_001895240.1,hypothetical protein,VC_RS18350,,1011647,1011781,+,NC_002506.1,0,0,0
980,WP_000045944.1,putrescine-ornithine antiporter,VC_RS18355,potE,1011799,1013118,-,NC_002506.1,0,0,0
981,WP_001086685.1,ornithine decarboxylase SpeF,VC_RS18360,speF,1013186,1015348,-,NC_002506.1,0,0,0
982,WP_001882846.1,leader peptide SpeFL,VC_RS18365,speFL,1015688,1015810,-,NC_002506.1,0,0,0
983,WP_000250426.1,coniferyl aldehyde dehydrogenase,VC_RS18370,,1016331,1017773,-,NC_002506.1,0,0,0
984,WP_000050915.1,Lrp/AsnC family transcriptional regulator,VC_RS18375,,1017946,1018428,-,NC_002506.1,0,0,0
985,WP_001893297.1,methyl-accepting chemotaxis protein,VC_RS18380,,1018626,1020515,-,NC_002506.1,0,0,0
986,WP_001123610.1,hypothetical protein,VC_RS18385,,1020875,1021096,-,NC_002506.1,0,0,0
987,WP_000431680.1,sodium/proline symporter PutP,VC_RS18390,putP,1021280,1022770,-,NC_002506.1,0,0,0
988,WP_000233685.1,1-pyrroline-5-carboxylate dehydrogenase,VC_RS18395,,1022843,1023541,-,NC_002506.1,0,0,0
989,WP_000493426.1,bifunctional proline dehydrogenase/L-glutamate gamma-semialdehyde dehydrogenase PutA,VC_RS18400,putA,1023563,1026682,-,NC_002506.1,0,0,0
990,WP_000741188.1,AraC family transcriptional regulator,VC_RS18405,,1027022,1027885,-,NC_002506.1,0,0,0
991,WP_000596058.1,PEGA domain-containing protein,VC_RS18410,,1028277,1029383,+,NC_002506.1,0,0,0
992,WP_001882860.1,SUMF1/EgtB/PvdO family nonheme iron enzyme,VC_RS18415,,1029543,1031360,+,NC_002506.1,0,0,0
993,WP_001132600.1,helix-turn-helix transcriptional regulator,VC_RS18420,,1031679,1032419,+,NC_002506.1,0,0,0
994,WP_000365910.1,pyridoxamine 5'-phosphate oxidase,VC_RS18425,pdxH,1032448,1033083,-,NC_002506.1,0,0,0
995,WP_000071267.1,HlyD family type I secretion periplasmic adaptor subunit,VC_RS18430,,1033307,1034698,+,NC_002506.1,0,0,0
996,WP_000832895.1,transglutaminase-like cysteine peptidase,VC_RS18435,,1034707,1035369,+,NC_002506.1,0,0,0
998,WP_001154355.1,type I secretion system permease/ATPase,VC_RS18445,,1037299,1039413,+,NC_002506.1,0,0,0
999,WP_000265356.1,DUF342 domain-containing protein,VC_RS18450,,1039548,1041218,-,NC_002506.1,0,0,0
1000,WP_000634466.1,SpoIIE family protein phosphatase,VC_RS18455,,1041477,1043174,-,NC_002506.1,0,0,0
1001,WP_000110728.1,STAS domain-containing protein,VC_RS18460,,1043207,1043506,-,NC_002506.1,0,0,0
1002,WP_000632948.1,methyl-accepting chemotaxis protein,VC_RS18465,,1043516,1044670,-,NC_002506.1,0,0,0
1004,WP_001882870.1,chemoreceptor glutamine deamidase CheD,VC_RS18475,cheD,1045749,1046450,-,NC_002506.1,0,0,0
1005,WP_000881719.1,protein-glutamate O-methyltransferase CheR,VC_RS18480,,1046389,1047219,-,NC_002506.1,0,0,0
1006,WP_000896388.1,methyl-accepting chemotaxis protein,VC_RS18485,,1047234,1049270,-,NC_002506.1,0,0,0
1007,WP_000983692.1,chemotaxis protein CheW,VC_RS18490,,1049284,1049745,-,NC_002506.1,0,0,0
1008,WP_001083360.1,chemotaxis protein CheW,VC_RS18495,,1049742,1050269,-,NC_002506.1,0,0,0
1009,WP_001162435.1,chemotaxis protein CheA,VC_RS18500,,1050278,1052440,-,NC_002506.1,0,0,0
1010,WP_001151341.1,response regulator,VC_RS18505,,1052489,1052848,-,NC_002506.1,0,0,0
1011,WP_000906369.1,STAS domain-containing protein,VC_RS18510,,1052859,1053128,-,NC_002506.1,0,0,0
1012,WP_000746530.1,ABC transporter substrate-binding protein,VC_RS18515,,1053398,1054927,+,NC_002506.1,0,0,0
1013,WP_000161523.1,ABC transporter permease,VC_RS18520,,1054920,1055876,+,NC_002506.1,0,0,0
1014,WP_000766237.1,ABC transporter permease,VC_RS18525,,1055878,1056669,+,NC_002506.1,0,0,0
1015,WP_000125956.1,ABC transporter ATP-binding protein,VC_RS18530,,1056666,1058048,+,NC_002506.1,0,0,0
1016,WP_001911655.1,phosphoethanolamine transferase,VC_RS18535,,1058312,1059955,+,NC_002506.1,0,0,0
1018,WP_001238038.1,response regulator,VC_RS18545,,1061510,1062166,-,NC_002506.1,0,0,0
1020,WP_000351197.1,SDR family oxidoreductase,VC_RS18555,,1062830,1063627,-,NC_002506.1,0,0,0
1021,WP_000145529.1,iron-containing redox enzyme family protein,VC_RS18560,,1063637,1064320,-,NC_002506.1,0,0,0
1022,WP_001079865.1,AMP-binding protein,VC_RS18565,,1064363,1065886,-,NC_002506.1,0,0,0
1023,WP_000803562.1,thermostable hemolysin,VC_RS18570,,1065897,1066499,-,NC_002506.1,0,0,0
1024,WP_001911652.1,GNAT family N-acetyltransferase,VC_RS18575,,1066673,1068706,-,NC_002506.1,0,0,0
1025,WP_000846694.1,spermidine/putrescine ABC transporter substrate-binding protein,VC_RS18580,,1068927,1069958,+,NC_002506.1,0,0,0
1026,WP_000985780.1,ParB/RepB/Spo0J family partition protein,VC_RS18585,,1070018,1070989,-,NC_002506.1,0,0,0
1027,WP_000817997.1,AAA family ATPase,VC_RS18590,,1070997,1072214,-,NC_002506.1,0,0,0
